date,buyer_class,allotment_amount,share_of_instrument,instrument
2009-12-31,dealers,1095.2980717,0.6761529105627848,all_instruments
2009-12-31,fed,86.3138254,0.0532835268991536,all_instruments
2009-12-31,foreign_official,438.2851034,0.2705635625380615,all_instruments
2009-12-31,dealers,823.2588313,0.729071203641272,bills
2009-12-31,fed,65.3345284,0.05785971731964932,bills
2009-12-31,foreign_official,240.5951574,0.21306907903907876,bills
2009-12-31,dealers,272.0392404,0.5543805530222468,nominal_coupons
2009-12-31,fed,20.979297,0.042753075827504636,nominal_coupons
2009-12-31,foreign_official,197.68994600000002,0.40286637115024865,nominal_coupons
2010-03-31,dealers,1025.9113686,0.7252688357284258,all_instruments
2010-03-31,fed,77.3155251,0.05465827028462552,all_instruments
2010-03-31,foreign_official,311.2987526,0.2200728939869487,all_instruments
2010-03-31,dealers,706.7605484,0.7676827051046284,bills
2010-03-31,fed,55.2679101,0.060031956830497335,bills
2010-03-31,foreign_official,158.6130301,0.17228533806487417,bills
2010-03-31,dealers,319.1508202,0.6462058262534142,nominal_coupons
2010-03-31,fed,22.047615,0.04464126790920955,nominal_coupons
2010-03-31,foreign_official,152.6857225,0.30915290583737626,nominal_coupons
2010-06-30,dealers,1334.9206881,0.7664616548844544,all_instruments
2010-06-30,fed,79.3144297,0.04553938641149053,all_instruments
2010-06-30,foreign_official,327.431513,0.1879989587040551,all_instruments
2010-06-30,dealers,1042.6751408,0.8093067729601005,bills
2010-06-30,fed,57.6859381,0.044774847488036625,bills
2010-06-30,foreign_official,187.9948025,0.14591837955186285,bills
2010-06-30,dealers,292.2455473,0.6446914124291446,nominal_coupons
2010-06-30,fed,21.6284916,0.04771228484792689,nominal_coupons
2010-06-30,foreign_official,139.4367105,0.3075963027229286,nominal_coupons
2010-09-30,dealers,1497.6408867999999,0.7587278457906943,all_instruments
2010-09-30,fed,79.5090062,0.040280482141471514,all_instruments
2010-09-30,foreign_official,396.73428049999995,0.20099167206783422,all_instruments
2010-09-30,dealers,1195.1378925,0.7866042356540429,bills
2010-09-30,fed,64.9874471,0.0427728059448195,bills
2010-09-30,foreign_official,259.238323,0.1706229584011377,bills
2010-09-30,dealers,302.5029943,0.6655431098170053,nominal_coupons
2010-09-30,fed,14.5215591,0.03194918326401978,nominal_coupons
2010-09-30,foreign_official,137.4959575,0.30250770691897505,nominal_coupons
2010-12-31,dealers,1302.925655,0.7597735574984057,all_instruments
2010-12-31,fed,76.1844581,0.04442535653097201,all_instruments
2010-12-31,foreign_official,335.7767004,0.19580108597062226,all_instruments
2010-12-31,dealers,994.3623514,0.7781873835580814,bills
2010-12-31,fed,61.5529818,0.048171326870632566,bills
2010-12-31,foreign_official,221.8776154,0.17364128957128602,bills
2010-12-31,dealers,308.5633036,0.7059428840773007,nominal_coupons
2010-12-31,fed,14.6314763,0.03347444902560562,nominal_coupons
2010-12-31,foreign_official,113.899085,0.26058266689709375,nominal_coupons
2011-03-31,dealers,1344.2945949999998,0.7816761223275545,all_instruments
2011-03-31,fed,73.8818133,0.04296056053909251,all_instruments
2011-03-31,foreign_official,301.5826538,0.17536331713335299,all_instruments
2011-03-31,dealers,1031.6064038,0.8221001562942315,bills
2011-03-31,fed,57.6859381,0.045970651745957464,bills
2011-03-31,foreign_official,165.5503873,0.13192919195981107,bills
2011-03-31,dealers,312.6881912,0.6725687377975101,nominal_coupons
2011-03-31,fed,16.1958752,0.0348361071743281,nominal_coupons
2011-03-31,foreign_official,136.0322665,0.29259515502816186,nominal_coupons
2011-06-30,dealers,1131.4453282,0.7608009362025373,all_instruments
2011-06-30,fed,83.37205639999999,0.056060630576962894,all_instruments
2011-06-30,foreign_official,272.35918730000003,0.18313843322049983,all_instruments
2011-06-30,dealers,808.8288735,0.788940065333663,bills
2011-06-30,fed,61.2059011,0.05970087022695749,bills
2011-06-30,foreign_official,155.17475530000002,0.15135906443937946,bills
2011-06-30,dealers,322.6164547,0.6983538334321262,nominal_coupons
2011-06-30,fed,22.1661553,0.047982114057392,nominal_coupons
2011-06-30,foreign_official,117.184432,0.2536640525104819,nominal_coupons
2011-09-30,dealers,1149.9894847,0.7935768616357536,all_instruments
2011-09-30,fed,71.021687,0.04901015898614051,all_instruments
2011-09-30,foreign_official,228.110571,0.1574129793781059,all_instruments
2011-09-30,dealers,849.1329246,0.8317195111991248,bills
2011-09-30,fed,59.0494561,0.0578385118998908,bills
2011-09-30,foreign_official,112.754261,0.11044197690098441,bills
2011-09-30,dealers,300.8565601,0.7026320145128077,nominal_coupons
2011-09-30,fed,11.9722309,0.027960409813511933,nominal_coupons
2011-09-30,foreign_official,115.35631000000001,0.26940757567368045,nominal_coupons
2011-12-31,dealers,1107.9598019999999,0.7835996364963554,all_instruments
2011-12-31,fed,78.4918153,0.05551298686648478,all_instruments
2011-12-31,foreign_official,227.48446740000003,0.16088737663715985,all_instruments
2011-12-31,dealers,874.9821148999999,0.8184313072486226,bills
2011-12-31,fed,61.5529818,0.05757476238857997,bills
2011-12-31,foreign_official,132.5614874,0.12399393036279743,bills
2011-12-31,dealers,232.9776871,0.6756119490215965,nominal_coupons
2011-12-31,fed,16.9388335,0.049120919936745784,nominal_coupons
2011-12-31,foreign_official,94.92298000000001,0.27526713104165773,nominal_coupons
2012-03-31,dealers,1311.6860586999999,0.8079603445162229,all_instruments
2012-03-31,fed,82.6160921,0.050889102459361235,all_instruments
2012-03-31,foreign_official,229.151361,0.14115055302441584,all_instruments
2012-03-31,dealers,1001.7166344999999,0.8557952920463552,bills
2012-03-31,fed,57.6859381,0.04928275376788452,bills
2012-03-31,foreign_official,111.1070619,0.09492195418576028,bills
2012-03-31,dealers,309.9694242,0.6843439987482087,nominal_coupons
2012-03-31,fed,24.930154,0.05504027154226863,nominal_coupons
2012-03-31,foreign_official,118.0442991,0.2606157297095227,nominal_coupons
2012-06-30,dealers,1231.1388457,0.8005485326832754,all_instruments
2012-06-30,fed,87.8208935,0.05710557154127104,all_instruments
2012-06-30,foreign_official,218.90935359999997,0.14234589577545345,all_instruments
2012-06-30,dealers,926.1054014,0.8378475672874033,bills
2012-06-30,fed,61.2059011,0.05537297942841735,bills
2012-06-30,foreign_official,118.02746979999999,0.10677945328417933,bills
2012-06-30,dealers,305.0334443,0.7052301996941738,nominal_coupons
2012-06-30,fed,26.6149924,0.06153324088177998,nominal_coupons
2012-06-30,foreign_official,100.8818838,0.2332365594240462,nominal_coupons
2012-09-30,dealers,1393.1832892,0.8649717917720833,all_instruments
2012-09-30,fed,1.010762,0.0006275417060860439,all_instruments
2012-09-30,foreign_official,216.4749931,0.13440066652183066,all_instruments
2012-09-30,dealers,1067.1053416,0.8838034653095342,bills
2012-09-30,foreign_official,140.2958324,0.11619653469046567,bills
2012-09-30,dealers,326.0779476,0.8085889593867801,nominal_coupons
2012-09-30,fed,1.010762,0.0025064282935510617,nominal_coupons
2012-09-30,foreign_official,76.1791607,0.18890461231966882,nominal_coupons
2012-12-31,dealers,1403.9005717,0.8545089264758373,all_instruments
2012-12-31,foreign_official,239.0320276,0.14549107352416268,all_instruments
2012-12-31,dealers,1073.9239341,0.879038456067174,bills
2012-12-31,foreign_official,147.7790832,0.12096154393282597,bills
2012-12-31,dealers,329.9766376,0.7833652993535483,nominal_coupons
2012-12-31,foreign_official,91.2529444,0.21663470064645177,nominal_coupons
2013-03-31,dealers,1350.7163449,0.8633098638979331,all_instruments
2013-03-31,foreign_official,213.8624945,0.13669013610206698,all_instruments
2013-03-31,dealers,1117.1414235,0.878350553279219,bills
2013-03-31,foreign_official,154.72141,0.12164944672078117,bills
2013-03-31,dealers,233.5749214,0.7979574628378735,nominal_coupons
2013-03-31,foreign_official,59.1410845,0.20204253716212656,nominal_coupons
2013-06-30,dealers,1291.4701253,0.8671337817761688,all_instruments
2013-06-30,foreign_official,197.88498049999998,0.13286621822383118,all_instruments
2013-06-30,dealers,1002.6644098,0.8954278977834477,bills
2013-06-30,foreign_official,117.095665,0.10457210221655243,bills
2013-06-30,dealers,288.8057155,0.7814112508996367,nominal_coupons
2013-06-30,foreign_official,80.7893155,0.2185887491003633,nominal_coupons
2013-09-30,dealers,1419.9249075999999,0.8551185002084234,all_instruments
2013-09-30,foreign_official,240.57583849999997,0.14488149979157663,all_instruments
2013-09-30,dealers,1081.002055,0.8830340388067147,bills
2013-09-30,foreign_official,143.1886415,0.11696596119328538,bills
2013-09-30,dealers,338.9228526,0.7767935964590259,nominal_coupons
2013-09-30,foreign_official,97.387197,0.22320640354097404,nominal_coupons
2013-12-31,dealers,1343.6322219,0.8562971637498498,all_instruments
2013-12-31,foreign_official,225.4868629,0.14370283625015023,all_instruments
2013-12-31,dealers,1070.2197198000001,0.8780462593295105,bills
2013-12-31,foreign_official,148.6451275,0.1219537406704895,bills
2013-12-31,dealers,273.4125021,0.7806115467767895,nominal_coupons
2013-12-31,foreign_official,76.8417354,0.2193884532232105,nominal_coupons
2014-03-31,dealers,1149.4917163,0.8419784866301335,all_instruments
2014-03-31,fed,0.2949766,0.00021606415056103195,all_instruments
2014-03-31,foreign_official,215.4402512,0.15780544921930537,all_instruments
2014-03-31,dealers,888.6741142,0.878291888496128,bills
2014-03-31,foreign_official,123.14681440000001,0.1217081115038719,bills
2014-03-31,dealers,260.8176021,0.7380112127717872,nominal_coupons
2014-03-31,fed,0.2949766,0.0008346677392648966,nominal_coupons
2014-03-31,foreign_official,92.2934368,0.261154119488948,nominal_coupons
2014-06-30,dealers,1112.1766372,0.8345166267453437,all_instruments
2014-06-30,fed,0.036546499999999996,2.7422498260826352e-05,all_instruments
2014-06-30,foreign_official,220.506383,0.16545595075639555,all_instruments
2014-06-30,dealers,844.4328005,0.8633780699627142,bills
2014-06-30,foreign_official,133.624009,0.13662193003728584,bills
2014-06-30,dealers,267.7438367,0.7549251542896425,nominal_coupons
2014-06-30,fed,0.036546499999999996,0.0001030457787237887,nominal_coupons
2014-06-30,foreign_official,86.882374,0.24497179993163376,nominal_coupons
2014-09-30,dealers,1148.9526208,0.8258963559380065,all_instruments
2014-09-30,fed,0.0446516,3.2096705346408565e-05,all_instruments
2014-09-30,foreign_official,242.1610885,0.17407154735664718,all_instruments
2014-09-30,dealers,902.572846,0.8685249404057266,bills
2014-09-30,foreign_official,136.6291435,0.1314750595942734,bills
2014-09-30,dealers,246.3797748,0.7000293070983741,nominal_coupons
2014-09-30,fed,0.0446516,0.00012686686086228925,nominal_coupons
2014-09-30,foreign_official,105.53194500000001,0.29984382604076365,nominal_coupons
2014-12-31,dealers,1119.4597763,0.8227706580679042,all_instruments
2014-12-31,fed,0.0880754,6.473287951185307e-05,all_instruments
2014-12-31,foreign_official,241.04974049999998,0.1771646090525839,all_instruments
2014-12-31,dealers,879.8446679,0.864622263129945,bills
2014-12-31,foreign_official,137.7611762,0.13537773687005497,bills
2014-12-31,dealers,239.6151084,0.6986031288721841,nominal_coupons
2014-12-31,fed,0.0880754,0.0002567857695932714,nominal_coupons
2014-12-31,foreign_official,103.2885643,0.3011400853582227,nominal_coupons
2015-03-31,dealers,1037.7725146,0.8212532251400251,all_instruments
2015-03-31,fed,0.0024149,1.91105891270889e-06,all_instruments
2015-03-31,foreign_official,225.87004969999998,0.1787448638010621,all_instruments
2015-03-31,dealers,837.938845,0.8693426649888141,bills
2015-03-31,foreign_official,125.9375167,0.130657335011186,bills
2015-03-31,dealers,199.8336696,0.6666263842645236,nominal_coupons
2015-03-31,fed,0.0024149,8.055879965487048e-06,nominal_coupons
2015-03-31,foreign_official,99.93253299999999,0.33336555985551086,nominal_coupons
2015-06-30,dealers,1016.127334,0.797115932367949,all_instruments
2015-06-30,fed,1.8974564,0.0014884873940548204,all_instruments
2015-06-30,foreign_official,256.72997580000003,0.20139558023799606,all_instruments
2015-06-30,dealers,819.9785668,0.8442082688620793,bills
2015-06-30,foreign_official,151.3203378,0.1557917311379206,bills
2015-06-30,dealers,196.1487672,0.6463831878738044,nominal_coupons
2015-06-30,fed,1.8974564,0.006252825007220095,nominal_coupons
2015-06-30,foreign_official,105.409638,0.3473639871189755,nominal_coupons
2015-09-30,dealers,1058.056663,0.8348419324409384,all_instruments
2015-09-30,fed,1.286561,0.0010151394618107955,all_instruments
2015-09-30,foreign_official,208.0304211,0.16414292809725084,all_instruments
2015-09-30,dealers,852.8289823,0.8761309699412013,bills
2015-09-30,foreign_official,120.5745516,0.12386903005879873,bills
2015-09-30,dealers,205.2276807,0.698124308836197,nominal_coupons
2015-09-30,fed,1.286561,0.004376502749712196,nominal_coupons
2015-09-30,foreign_official,87.4558695,0.29749918841409073,nominal_coupons
2015-12-31,dealers,1096.1721073,0.8238722303698569,all_instruments
2015-12-31,fed,0.326086,0.0002450830470172328,all_instruments
2015-12-31,foreign_official,234.0140717,0.17588268658312592,all_instruments
2015-12-31,dealers,895.5729608,0.8670227701686726,bills
2015-12-31,foreign_official,137.3560367,0.1329772298313273,bills
2015-12-31,dealers,200.5991465,0.6740941726503491,nominal_coupons
2015-12-31,fed,0.326086,0.0010957806960702184,nominal_coupons
2015-12-31,foreign_official,96.658035,0.32481004665358076,nominal_coupons
2016-03-31,dealers,1201.3329697,0.7946426903951741,all_instruments
2016-03-31,fed,62.2058987,0.04114717896551347,all_instruments
2016-03-31,foreign_official,248.2512534,0.1642101306393124,all_instruments
2016-03-31,dealers,1018.8565552,0.8724039414616206,bills
2016-03-31,foreign_official,149.0159254,0.1275960585383794,bills
2016-03-31,dealers,182.4764145,0.530581722598765,nominal_coupons
2016-03-31,fed,62.2058987,0.18087440493878335,nominal_coupons
2016-03-31,foreign_official,99.235328,0.2885438724624516,nominal_coupons
2016-06-30,dealers,1000.5130939000001,0.7519152464232829,all_instruments
2016-06-30,fed,80.6012564,0.0605742332984296,all_instruments
2016-06-30,foreign_official,249.50515589999998,0.18751052027828746,all_instruments
2016-06-30,dealers,838.3164405,0.8520705766139683,bills
2016-06-30,foreign_official,145.5415444,0.1479294233860316,bills
2016-06-30,dealers,162.1966534,0.4677469772076467,nominal_coupons
2016-06-30,fed,80.6012564,0.23244002419249968,nominal_coupons
2016-06-30,foreign_official,103.9636115,0.29981299859985355,nominal_coupons
2016-09-30,dealers,1209.2218719,0.8240964863157827,all_instruments
2016-09-30,fed,30.993797,0.021122574606719405,all_instruments
2016-09-30,foreign_official,227.11478570000003,0.154780939077498,all_instruments
2016-09-30,dealers,1015.7146541,0.8744034732337922,bills
2016-09-30,foreign_official,145.89401420000002,0.12559652676620786,bills
2016-09-30,dealers,193.5072178,0.6329520056189728,nominal_coupons
2016-09-30,fed,30.993797,0.10137909167384712,nominal_coupons
2016-09-30,foreign_official,81.2207715,0.2656689027071801,nominal_coupons
2016-12-31,dealers,1119.8416922000001,0.8218971849593056,all_instruments
2016-12-31,fed,30.6388749,0.022487111531951164,all_instruments
2016-12-31,foreign_official,212.0276793,0.15561570350874315,all_instruments
2016-12-31,dealers,950.0492835,0.8628730114867446,bills
2016-12-31,foreign_official,150.9809618,0.1371269885132555,bills
2016-12-31,dealers,169.7924087,0.6493563817441925,nominal_coupons
2016-12-31,fed,30.6388749,0.11717572710173207,nominal_coupons
2016-12-31,foreign_official,61.0467175,0.23346789115407535,nominal_coupons
2017-03-31,dealers,1217.8714233,0.8029056322960302,all_instruments
2017-03-31,fed,56.0540536,0.03695473470139643,all_instruments
2017-03-31,foreign_official,242.9046141,0.1601396330025734,all_instruments
2017-03-31,dealers,1012.1428919,0.8793263055763234,bills
2017-03-31,foreign_official,138.9006803,0.12067369442367666,bills
2017-03-31,dealers,205.7285314,0.5624278666007524,nominal_coupons
2017-03-31,fed,56.0540536,0.15324253552014722,nominal_coupons
2017-03-31,foreign_official,104.0039338,0.2843295978791004,nominal_coupons
2017-06-30,dealers,1173.6905262,0.7952635312426372,all_instruments
2017-06-30,fed,59.7964919,0.040516616810633115,all_instruments
2017-06-30,foreign_official,242.36404270000003,0.16421985194672972,all_instruments
2017-06-30,dealers,1014.5833944,0.8675575122163331,bills
2017-06-30,foreign_official,154.8876552,0.13244248778366682,bills
2017-06-30,dealers,159.1071318,0.5193130295178995,nominal_coupons
2017-06-30,fed,59.7964919,0.19517099586815342,nominal_coupons
2017-06-30,foreign_official,87.4763875,0.285515974613947,nominal_coupons
2017-09-30,dealers,1125.7831895,0.8196319829114155,all_instruments
2017-09-30,fed,34.924526,0.025426972764031743,all_instruments
2017-09-30,foreign_official,212.81505199999998,0.15494104432455286,all_instruments
2017-09-30,dealers,984.358098,0.8752578434288409,bills
2017-09-30,foreign_official,140.2911758,0.12474215657115911,bills
2017-09-30,dealers,141.4250915,0.5682609642249741,nominal_coupons
2017-09-30,fed,34.924526,0.14033043648311994,nominal_coupons
2017-09-30,foreign_official,72.5238762,0.29140859929190605,nominal_coupons
2017-12-31,dealers,1209.4647366,0.8621842673008381,all_instruments
2017-12-31,fed,26.5594334,0.018933272656032566,all_instruments
2017-12-31,foreign_official,166.767301,0.11888246004312925,all_instruments
2017-12-31,dealers,1047.4021721,0.9135516709896963,bills
2017-12-31,foreign_official,99.1144458,0.08644832901030385,bills
2017-12-31,dealers,162.0625645,0.6323779432106911,nominal_coupons
2017-12-31,fed,26.5594334,0.10363651789758843,nominal_coupons
2017-12-31,foreign_official,67.6528552,0.26398553889172044,nominal_coupons
2018-03-31,dealers,1385.1793189,0.8259805197609681,all_instruments
2018-03-31,fed,67.05859889999999,0.03998695015014368,all_instruments
2018-03-31,foreign_official,224.77417359999998,0.1340325300888883,all_instruments
2018-03-31,dealers,1216.7064837,0.9084192924340784,bills
2018-03-31,foreign_official,122.6601434,0.0915807075659217,bills
2018-03-31,dealers,168.4728352,0.49896371494068376,nominal_coupons
2018-03-31,fed,67.05859889999999,0.1986065444090137,nominal_coupons
2018-03-31,foreign_official,102.1140302,0.30242974065030265,nominal_coupons
2018-06-30,dealers,1284.7182244,0.8142433901871061,all_instruments
2018-06-30,fed,72.4822561,0.04593863215635259,all_instruments
2018-06-30,foreign_official,220.6056643,0.1398179776565413,all_instruments
2018-06-30,dealers,1066.4097002,0.8816176336097397,bills
2018-06-30,foreign_official,143.1959832,0.11838236639026029,bills
2018-06-30,dealers,218.3085242,0.5929067100294514,nominal_coupons
2018-06-30,fed,72.4822561,0.19685541898671832,nominal_coupons
2018-06-30,foreign_official,77.4096811,0.21023787098383034,nominal_coupons
2018-09-30,dealers,1365.4184239,0.8272918950809833,all_instruments
2018-09-30,fed,39.8906636,0.02416931111228285,all_instruments
2018-09-30,foreign_official,245.1584585,0.14853879380673382,all_instruments
2018-09-30,dealers,1151.274026,0.8697413244149642,bills
2018-09-30,foreign_official,172.42302469999998,0.1302586755850358,bills
2018-09-30,dealers,214.1443979,0.655335781473781,nominal_coupons
2018-09-30,fed,39.8906636,0.12207547552106061,nominal_coupons
2018-09-30,foreign_official,72.7354338,0.22258874300515832,nominal_coupons
2018-12-31,dealers,1531.2132024,0.8549007649345901,all_instruments
2018-12-31,fed,29.2463358,0.01632869596981336,all_instruments
2018-12-31,foreign_official,230.6409792,0.1287705390955966,all_instruments
2018-12-31,dealers,1254.357057,0.9108133449773257,bills
2018-12-31,fed,0.026,1.887911168295876e-05,bills
2018-12-31,foreign_official,122.8003845,0.08916777591099147,bills
2018-12-31,dealers,276.8561454,0.6688686249486524,nominal_coupons
2018-12-31,fed,29.2203358,0.07059466134965514,nominal_coupons
2018-12-31,foreign_official,107.8405947,0.26053671370169246,nominal_coupons
2019-03-31,dealers,1617.0102354,0.8757073103829187,all_instruments
2019-03-31,fed,26.0522676,0.014108853914414781,all_instruments
2019-03-31,foreign_official,203.45655219999998,0.11018383570266661,all_instruments
2019-03-31,dealers,1443.2376649,0.916587091344858,bills
2019-03-31,foreign_official,131.3401123,0.0834129086551419,bills
2019-03-31,dealers,173.7725705,0.6390076996696323,nominal_coupons
2019-03-31,fed,26.0522676,0.09580107805479976,nominal_coupons
2019-03-31,foreign_official,72.1164399,0.2651912222755679,nominal_coupons
2019-06-30,dealers,1570.0092386000001,0.8644645525202018,all_instruments
2019-06-30,fed,45.4629684,0.025032416159023022,all_instruments
2019-06-30,foreign_official,200.6916068,0.11050303132077523,all_instruments
2019-06-30,dealers,1363.687875,0.924616354133234,bills
2019-06-30,fed,0.005,3.390131902922558e-06,bills
2019-06-30,foreign_official,111.1759924,0.07538025573486316,bills
2019-06-30,dealers,206.3213636,0.604525105854307,nominal_coupons
2019-06-30,fed,45.4579684,0.13319262086794262,nominal_coupons
2019-06-30,foreign_official,89.5156144,0.2622822732777505,nominal_coupons
2019-09-30,dealers,1633.4762104000001,0.8443826184983025,all_instruments
2019-09-30,fed,95.4895563,0.049360817791212735,all_instruments
2019-09-30,foreign_official,205.555592,0.10625656371048471,all_instruments
2019-09-30,dealers,1392.9163407,0.9281930170340433,bills
2019-09-30,fed,0.05,3.331833326643245e-05,bills
2019-09-30,foreign_official,107.7089662,0.07177366463269017,bills
2019-09-30,dealers,240.5598697,0.554482099587935,nominal_coupons
2019-09-30,fed,95.4395563,0.21998484463331472,nominal_coupons
2019-09-30,foreign_official,97.8466258,0.22553305577875032,nominal_coupons
2019-12-31,dealers,1620.5040487,0.8364074910364663,all_instruments
2019-12-31,fed,98.19428930000001,0.050682032675826126,all_instruments
2019-12-31,foreign_official,218.7592602,0.11291047628770759,all_instruments
2019-12-31,dealers,1425.2450346,0.9090285031470126,bills
2019-12-31,fed,21.7193416,0.013852706099430631,bills
2019-12-31,foreign_official,120.9127912,0.07711879075355683,bills
2019-12-31,dealers,195.2590141,0.5283261715923082,nominal_coupons
2019-12-31,fed,76.4749477,0.20692369326606674,nominal_coupons
2019-12-31,foreign_official,97.846469,0.26475013514162504,nominal_coupons
2020-03-31,dealers,1693.2712003,0.8043302857176367,all_instruments
2020-03-31,fed,169.59616069999998,0.08056082709507902,all_instruments
2020-03-31,foreign_official,242.32652560000002,0.11510888718728432,all_instruments
2020-03-31,dealers,1459.7040109,0.859192184839686,bills
2020-03-31,fed,80.6050363,0.04744469887767107,bills
2020-03-31,foreign_official,158.6170332,0.09336311628264295,bills
2020-03-31,dealers,233.5671894,0.5749094214101181,nominal_coupons
2020-03-31,fed,88.9911244,0.21904547454146764,nominal_coupons
2020-03-31,foreign_official,83.7094924,0.20604510404841428,nominal_coupons
2020-06-30,dealers,3371.2798821,0.8415192645345784,all_instruments
2020-06-30,fed,322.7200302,0.08055549582413025,all_instruments
2020-06-30,foreign_official,312.1827435,0.07792523964129135,all_instruments
2020-06-30,dealers,3111.4748694,0.881688430536057,bills
2020-06-30,fed,218.4277295,0.06189514943617285,bills
2020-06-30,foreign_official,199.0933158,0.056416420027770114,bills
2020-06-30,dealers,259.8050127,0.5444514491352032,nominal_coupons
2020-06-30,fed,104.2923007,0.2185565769484453,nominal_coupons
2020-06-30,foreign_official,113.0894277,0.23699197391635154,nominal_coupons
2020-09-30,dealers,2670.0261139,0.8017782128558438,all_instruments
2020-09-30,fed,383.58067559999995,0.1151848766450393,all_instruments
2020-09-30,foreign_official,276.5237517,0.08303691049911686,all_instruments
2020-09-30,dealers,2389.4889625,0.8659762809987741,bills
2020-09-30,fed,240.4962225,0.08715839563322682,bills
2020-09-30,foreign_official,129.3155198,0.046865323367999166,bills
2020-09-30,dealers,280.53715139999997,0.4914549547186213,nominal_coupons
2020-09-30,fed,143.0844531,0.2506604314910684,nominal_coupons
2020-09-30,foreign_official,147.2082319,0.25788461379031025,nominal_coupons
2020-12-31,dealers,2668.0869648999997,0.7808536543653383,all_instruments
2020-12-31,fed,392.27853170000003,0.11480589989633071,all_instruments
2020-12-31,foreign_official,356.51928069999997,0.10434044573833104,all_instruments
2020-12-31,dealers,2339.1726169,0.8365967843207622,bills
2020-12-31,fed,266.8764999,0.0954474330000525,bills
2020-12-31,foreign_official,190.008268,0.0679557826791853,bills
2020-12-31,dealers,328.914348,0.5297999926767084,nominal_coupons
2020-12-31,fed,125.4020318,0.20199178276432123,nominal_coupons
2020-12-31,foreign_official,166.5110127,0.2682082245589703,nominal_coupons
2021-03-31,dealers,2343.4146846999997,0.751491869786934,all_instruments
2021-03-31,fed,413.4822125,0.1325964725850655,all_instruments
2021-03-31,foreign_official,361.4531195,0.1159116576280005,all_instruments
2021-03-31,dealers,2009.7026895,0.8284621317796437,bills
2021-03-31,fed,231.5116568,0.09543632584384082,bills
2021-03-31,foreign_official,184.60888980000001,0.07610154237651545,bills
2021-03-31,dealers,333.7119952,0.4818759426326798,nominal_coupons
2021-03-31,fed,181.9705557,0.2627632039620794,nominal_coupons
2021-03-31,foreign_official,176.8442297,0.2553608534052409,nominal_coupons
2021-06-30,dealers,2333.5074064,0.746523776830681,all_instruments
2021-06-30,fed,466.6916841,0.1493016211023255,all_instruments
2021-06-30,foreign_official,325.6322344,0.10417460206699332,all_instruments
2021-06-30,dealers,2030.5825258,0.8369615470972551,bills
2021-06-30,fed,247.4674419,0.1020006477930384,bills
2021-06-30,foreign_official,148.0860153,0.06103780510970642,bills
2021-06-30,dealers,302.9248806,0.4329382553518468,nominal_coupons
2021-06-30,fed,219.2242422,0.31331385114656285,nominal_coupons
2021-06-30,foreign_official,177.5462191,0.25374789350159027,nominal_coupons
2021-09-30,dealers,2093.3542955000003,0.7320595231297361,all_instruments
2021-09-30,fed,431.7761359,0.1509949046013048,all_instruments
2021-09-30,foreign_official,334.4106706,0.11694557226895912,all_instruments
2021-09-30,dealers,1820.7283531,0.8135728758533459,bills
2021-09-30,fed,266.5196567,0.11909144118269042,bills
2021-09-30,foreign_official,150.693307,0.06733568296396358,bills
2021-09-30,dealers,272.6259424,0.43858757498167805,nominal_coupons
2021-09-30,fed,165.2564792,0.2658567186390334,nominal_coupons
2021-09-30,foreign_official,183.7173636,0.29555570637928846,nominal_coupons
2021-12-31,dealers,2101.7266664,0.7358865938242027,all_instruments
2021-12-31,fed,418.4393316,0.1465099622020003,all_instruments
2021-12-31,foreign_official,335.8809582,0.11760344397379696,all_instruments
2021-12-31,dealers,1833.7801215,0.8291113344654013,bills
2021-12-31,fed,250.7851814,0.11338809597555218,bills
2021-12-31,foreign_official,127.1764081,0.05750056955904649,bills
2021-12-31,dealers,267.9465449,0.4158689486018793,nominal_coupons
2021-12-31,fed,167.6541502,0.2602091965710417,nominal_coupons
2021-12-31,foreign_official,208.7045501,0.32392185482707914,nominal_coupons
2022-03-31,dealers,1959.4869667,0.7101679425008133,all_instruments
2022-03-31,fed,452.83302860000003,0.16411821343158206,all_instruments
2022-03-31,foreign_official,346.868148,0.12571384406760475,all_instruments
2022-03-31,dealers,1770.66579,0.8144035552034801,bills
2022-03-31,fed,253.5323722,0.11661018496260209,bills
2022-03-31,foreign_official,149.9890435,0.06898625983391786,bills
2022-03-31,dealers,188.8211767,0.3227707249062706,nominal_coupons
2022-03-31,fed,199.3006564,0.34068433670831777,nominal_coupons
2022-03-31,foreign_official,196.8791045,0.33654493838541155,nominal_coupons
2022-06-30,dealers,1558.951156,0.683977489207197,all_instruments
2022-06-30,fed,421.5859039,0.18496748081225237,all_instruments
2022-06-30,foreign_official,298.70630789999996,0.13105502998055052,all_instruments
2022-06-30,dealers,1376.7403535,0.7633732641440361,bills
2022-06-30,fed,257.0407674,0.1425236422607888,bills
2022-06-30,foreign_official,169.714519,0.09410309359517514,bills
2022-06-30,dealers,182.2108025,0.3829987865718192,nominal_coupons
2022-06-30,fed,164.5451365,0.3458663633062829,nominal_coupons
2022-06-30,foreign_official,128.9917889,0.271134850121898,nominal_coupons
2022-09-30,dealers,1963.0333782,0.7391436517066207,all_instruments
2022-09-30,fed,343.4543076,0.12932132175287375,all_instruments
2022-09-30,foreign_official,349.33351170000003,0.13153502654050567,all_instruments
2022-09-30,dealers,1799.6478923,0.7950256673737622,bills
2022-09-30,fed,235.4747328,0.10402504700779036,bills
2022-09-30,foreign_official,228.5123318,0.10094928561844742,bills
2022-09-30,dealers,163.3854859,0.41660177993506076,nominal_coupons
2022-09-30,fed,107.9795748,0.2753272900008007,nominal_coupons
2022-09-30,foreign_official,120.8211799,0.3080709300641385,nominal_coupons
2022-12-31,dealers,1993.5085162,0.7693255572153381,all_instruments
2022-12-31,fed,269.9120582,0.10416320917939893,all_instruments
2022-12-31,foreign_official,327.8211925,0.12651123360526287,all_instruments
2022-12-31,dealers,1847.1340747,0.8009412162411784,bills
2022-12-31,fed,219.9398746,0.0953687732119104,bills
2022-12-31,foreign_official,239.1303479,0.10369001054691124,bills
2022-12-31,dealers,146.3744415,0.5135270168306577,nominal_coupons
2022-12-31,fed,49.9721836,0.17531794557605143,nominal_coupons
2022-12-31,foreign_official,88.69084459999999,0.31115503759329083,nominal_coupons
2023-03-31,dealers,2274.9056735,0.749282384877458,all_instruments
2023-03-31,fed,254.2059806,0.08372745543380475,all_instruments
2023-03-31,foreign_official,507.00092429999995,0.16699015968873732,all_instruments
2023-03-31,dealers,2120.89047,0.8026392362918677,bills
2023-03-31,fed,183.9729237,0.06962353269329842,bills
2023-03-31,foreign_official,337.5323105,0.12773723101483386,bills
2023-03-31,dealers,154.0152035,0.3911826329845428,nominal_coupons
2023-03-31,fed,70.23305690000001,0.17838467564466914,nominal_coupons
2023-03-31,foreign_official,169.46861379999999,0.43043269137078805,nominal_coupons
2023-06-30,dealers,2249.5540395999997,0.7555394086517165,all_instruments
2023-06-30,fed,256.7978533,0.0862486051945708,all_instruments
2023-06-30,foreign_official,471.0626719,0.15821198615371268,all_instruments
2023-06-30,dealers,2120.7195718,0.7948362379958107,bills
2023-06-30,fed,181.4951451,0.0680235709916825,bills
2023-06-30,foreign_official,365.9066777,0.1371401910125068,bills
2023-06-30,dealers,128.8344678,0.4165448196502078,nominal_coupons
2023-06-30,fed,75.3027082,0.2434670903056365,nominal_coupons
2023-06-30,foreign_official,105.1559942,0.3399880900441558,nominal_coupons
2023-09-30,dealers,2593.6074694999998,0.7919238185848496,all_instruments
2023-09-30,fed,201.6771635,0.061579460777490276,all_instruments
2023-09-30,foreign_official,479.78729769999995,0.1464967206376601,all_instruments
2023-09-30,dealers,2472.8470042999998,0.8209446726336933,bills
2023-09-30,fed,147.4553724,0.048952766674404215,bills
2023-09-30,foreign_official,391.894531,0.1301025606919024,bills
2023-09-30,dealers,120.7604652,0.4593835649421893,nominal_coupons
2023-09-30,fed,54.221791100000004,0.2062645225141835,nominal_coupons
2023-09-30,foreign_official,87.8927667,0.3343519125436272,nominal_coupons
2023-12-31,dealers,2861.8695628,0.8133263722567644,all_instruments
2023-12-31,fed,147.7795519,0.04199807300894686,all_instruments
2023-12-31,foreign_official,509.07308639999997,0.14467555473428872,all_instruments
2023-12-31,dealers,2681.0181266,0.8343610777487535,bills
2023-12-31,fed,143.5864172,0.044685605299135074,bills
2023-12-31,foreign_official,388.6543175,0.12095331695211158,bills
2023-12-31,dealers,180.8514362,0.5920561083317273,nominal_coupons
2023-12-31,fed,4.1931347,0.013727129097538926,nominal_coupons
2023-12-31,foreign_official,120.4187689,0.3942167625707339,nominal_coupons
2024-03-31,dealers,3175.0928521,0.8263746877594864,all_instruments
2024-03-31,fed,132.8443273,0.0345751115343127,all_instruments
2024-03-31,foreign_official,534.2580126,0.1390502007062009,all_instruments
2024-03-31,dealers,2999.0775806,0.851909540074822,bills
2024-03-31,fed,115.5023506,0.03280927276230089,bills
2024-03-31,foreign_official,405.83795299999997,0.1152811871628771,bills
2024-03-31,dealers,176.0152715,0.5470095846827145,nominal_coupons
2024-03-31,fed,17.3419767,0.05389434332261512,nominal_coupons
2024-03-31,foreign_official,128.4200596,0.39909607199467034,nominal_coupons
2024-06-30,dealers,2821.7923157,0.8065722370853877,all_instruments
2024-06-30,fed,162.6052205,0.04647856460971074,all_instruments
2024-06-30,foreign_official,514.1016508,0.1469491983049016,all_instruments
2024-06-30,dealers,2605.4975945,0.8392535684613366,bills
2024-06-30,fed,125.4692301,0.04041473663833066,bills
2024-06-30,foreign_official,373.5747495,0.12033169490033276,bills
2024-06-30,dealers,216.2947212,0.5490304391069175,nominal_coupons
2024-06-30,fed,37.1359904,0.09426392379280253,nominal_coupons
2024-06-30,foreign_official,140.5269013,0.35670563710028,nominal_coupons
2024-09-30,dealers,2902.2236233000003,0.7815449523203009,all_instruments
2024-09-30,fed,201.30168989999999,0.05420888947764891,all_instruments
2024-09-30,foreign_official,609.9189547000001,0.16424615820205024,all_instruments
2024-09-30,dealers,2701.9421424,0.8264398912917011,bills
2024-09-30,fed,116.5041619,0.03563499209873634,bills
2024-09-30,foreign_official,450.9289653,0.13792511660956255,bills
2024-09-30,dealers,200.2814809,0.4510143281037955,nominal_coupons
2024-09-30,fed,84.797528,0.19095574859903477,nominal_coupons
2024-09-30,foreign_official,158.9899894,0.3580299232971698,nominal_coupons
2024-12-31,dealers,3043.5073699,0.7753858089081307,all_instruments
2024-12-31,fed,181.7839288,0.04631258004271477,all_instruments
2024-12-31,foreign_official,699.8609738,0.17830161104915454,all_instruments
2024-12-31,dealers,2861.1482476,0.8022792261963914,bills
2024-12-31,fed,129.022949,0.036178632747228386,bills
2024-12-31,foreign_official,576.103679,0.16154214105638023,bills
2024-12-31,dealers,182.3591223,0.5081376644927397,nominal_coupons
2024-12-31,fed,52.7609798,0.14701672564433382,nominal_coupons
2024-12-31,foreign_official,123.7572948,0.3448456098629264,nominal_coupons
2025-03-31,dealers,2871.1379245000003,0.7580511745829555,all_instruments
2025-03-31,fed,225.9335519,0.059652026095305094,all_instruments
2025-03-31,foreign_official,690.4537208,0.18229679932173942,all_instruments
2025-03-31,dealers,2700.8580943,0.7952592009665008,bills
2025-03-31,fed,119.66102120000001,0.03523381265649619,bills
2025-03-31,foreign_official,575.6793705,0.16950698637700293,bills
2025-03-31,dealers,170.2798302,0.43513469775124314,nominal_coupons
2025-03-31,fed,106.2725307,0.27156983578789246,nominal_coupons
2025-03-31,foreign_official,114.7743503,0.29329546646086446,nominal_coupons
2025-06-30,dealers,2693.2922862,0.7457392004581026,all_instruments
2025-06-30,fed,292.4555782,0.08097731916207798,all_instruments
2025-06-30,foreign_official,625.8261075,0.1732834803798194,all_instruments
2025-06-30,dealers,2503.1401161,0.7884157311079043,bills
2025-06-30,fed,160.103985,0.05042806016937373,bills
2025-06-30,foreign_official,511.654645,0.16115620872272204,bills
2025-06-30,dealers,190.1521701,0.43545444958924895,nominal_coupons
2025-06-30,fed,132.3515932,0.30308931072865086,nominal_coupons
2025-06-30,foreign_official,114.1714625,0.26145623968210013,nominal_coupons
2025-09-30,dealers,2865.3723675,0.749035659746309,all_instruments
2025-09-30,fed,263.9333664,0.06899469872496015,all_instruments
2025-09-30,foreign_official,696.1094252,0.18196964152873088,all_instruments
2025-09-30,dealers,2705.8501342,0.7905911401325594,bills
2025-09-30,fed,154.7221973,0.04520649418870606,bills
2025-09-30,foreign_official,561.9933878,0.16420236567873464,bills
2025-09-30,dealers,159.5222333,0.3959847465077696,nominal_coupons
2025-09-30,fed,109.2111691,0.27109673816158053,nominal_coupons
2025-09-30,foreign_official,134.1160374,0.33291851533064987,nominal_coupons
2025-12-31,dealers,2993.5488483,0.7523280265943609,all_instruments
2025-12-31,fed,248.9862696,0.06257434180960031,all_instruments
2025-12-31,foreign_official,736.5122424000001,0.18509763159603881,all_instruments
2025-12-31,dealers,2839.2274238,0.7934153949428063,bills
2025-12-31,fed,166.6353757,0.04656586200675258,bills
2025-12-31,foreign_official,572.6251425,0.1600187430504412,bills
2025-12-31,dealers,154.3214245,0.3852647508700459,nominal_coupons
2025-12-31,fed,82.3508939,0.20558970813744065,nominal_coupons
2025-12-31,foreign_official,163.8870999,0.4091455409925135,nominal_coupons
2026-03-31,dealers,2028.1560745000002,0.7355789648787551,all_instruments
2026-03-31,fed,225.1030847,0.08164119917421116,all_instruments
2026-03-31,foreign_official,503.9649749,0.18277983594703368,all_instruments
2026-03-31,dealers,1903.9503927,0.805921475016748,bills
2026-03-31,fed,115.2511343,0.04878455053689242,bills
2026-03-31,foreign_official,343.24996699999997,0.14529397444635958,bills
2026-03-31,dealers,124.20568180000001,0.3146258610235436,nominal_coupons
2026-03-31,fed,109.85195039999999,0.2782663721887448,nominal_coupons
2026-03-31,foreign_official,160.71500790000002,0.40710776678771166,nominal_coupons
