sector,date,alpha,beta_net_public_supply,beta_delta_soma
banks,2005-09-30,61.368420793949575,0.1113637094802873,-1.2279134851106224
banks,2005-12-31,-1047.4051553547154,0.10440508501382437,-1.1624051952320062
banks,2006-03-31,510.5247682150488,0.09418874482075922,-1.2690704607078054
banks,2006-06-30,9449.34210152414,0.03594013000508222,-1.4976175380596077
banks,2006-09-30,5027.345719418181,0.04139059165620264,-1.183480524961343
banks,2006-12-31,5425.653458018088,0.0397028737173507,-1.1646155138691436
banks,2007-03-31,5156.591086832893,0.037919493782532766,-1.132108627846224
banks,2007-06-30,5010.9032982173685,0.03921289225838738,-1.1310913819157522
banks,2007-09-30,1465.630952955273,0.03787873349281301,-0.7641071129117293
banks,2007-12-31,-1675.0201329926444,0.039962474128921406,-0.42693870329914024
banks,2008-03-31,-4410.3659335695575,0.04012466622522689,0.006147375438561716
banks,2008-06-30,-5513.134052741851,0.05196348059535526,0.045884087082783034
banks,2008-09-30,-5082.466631293621,0.04411227520529105,0.044849458246353426
banks,2008-12-31,-3914.517658201673,0.015784091937432597,0.03528374065469558
banks,2009-03-31,-4859.5395481772475,0.02595189360740683,0.03382539177614701
banks,2009-06-30,-4920.461233136312,0.025811012702270906,0.030461971755702397
banks,2009-09-30,-2828.636080628973,0.03302578426324322,0.094587137600064
banks,2009-12-31,-1780.2575938555576,0.030499666768451353,0.09974200799709664
banks,2010-03-31,-3696.5355310415166,0.05184183554770478,0.08038193976209833
banks,2010-06-30,-2593.1841989067266,0.04482778860115419,0.08756956999156572
banks,2010-09-30,-2069.373357289044,0.04941187250968188,0.09357554130370033
banks,2010-12-31,-2787.8335189882578,0.04953282229638468,0.027669868014656974
banks,2011-03-31,-2643.6708491998793,0.05089053131216125,0.007256158069412636
banks,2011-06-30,-8049.681171278453,0.06859341809963881,-0.02933028572208014
banks,2011-09-30,-8024.0286698614655,0.0659226286286416,-0.028970276683925444
banks,2011-12-31,-10023.40737956909,0.06519501558986567,-0.023516492180792343
banks,2012-03-31,-10751.0790299292,0.06897290910594618,-0.02536926835201866
banks,2012-06-30,-11978.184494515202,0.07381404895461621,-0.026742828804951237
banks,2012-09-30,-11017.465591740773,0.07396041218912512,-0.030818094590175843
banks,2012-12-31,-13276.586286581918,0.07922416642123936,-0.028569361670375087
banks,2013-03-31,-11684.704777449826,0.07527302554975454,-0.042923716181065386
banks,2013-06-30,-16942.751680355355,0.09033349747612664,-0.05296207961754883
banks,2013-09-30,-15636.879676397833,0.0910574100561921,-0.055671496929610535
banks,2013-12-31,-26381.82786545051,0.13702262012233324,-0.05200802764692154
banks,2014-03-31,-24417.964454898734,0.14091128797626967,-0.05462215670961388
banks,2014-06-30,-2387.9716323683406,0.08091755046530091,-0.07846396600680822
banks,2014-09-30,6582.268499188654,0.05683351628756066,-0.10507365033879437
banks,2014-12-31,13137.157033498865,0.049868999155286996,-0.12961640869266616
banks,2015-03-31,12607.093326759985,0.0377797615113663,-0.11332678403930094
banks,2015-06-30,11018.743965094718,0.051729753942852105,-0.12062846205029386
banks,2015-09-30,8641.314934739374,0.049665734528561795,-0.10820954982265192
banks,2015-12-31,7891.919619333112,0.051160730321038406,-0.09697831620100184
banks,2016-03-31,9478.28254705636,0.04592531846396543,-0.12735657174699977
banks,2016-06-30,10840.850191694106,0.038666224976149584,-0.09238559541848541
banks,2016-09-30,11915.623780832275,0.0471839758356579,-0.10482427771593904
banks,2016-12-31,13347.333682789927,0.05943738995792688,-0.13104287653296226
banks,2017-03-31,10602.436517397899,0.07186134517753881,-0.12799478278685117
banks,2017-06-30,4590.78824349064,0.08889150134614858,-0.10413178438002725
banks,2017-09-30,2890.149467706592,0.07817446965701463,-0.07193318329860823
banks,2017-12-31,3646.8011947719483,0.0826849359811005,-0.08439990988815944
banks,2018-03-31,3553.1275241668372,0.05624172486768446,0.02009769473229815
banks,2018-06-30,8192.520912300044,0.037741986322221,0.11319071049075137
banks,2018-09-30,10135.002536813487,0.03259482787134598,0.18768904257349073
banks,2018-12-31,11227.088575811911,0.054552687387751646,0.12939249664079358
banks,2019-03-31,10415.236506992705,0.0534097101815012,0.110159165421378
banks,2019-06-30,9416.805756613936,0.04906840315785005,-0.058141169351922456
banks,2019-09-30,2409.2263180578275,0.07122969138939576,-0.2087213549097403
banks,2019-12-31,3282.568905990093,0.07206603922801043,-0.084598449737638
banks,2020-03-31,4144.674241683075,0.0711931439342668,-0.04524180035769514
banks,2020-06-30,515.3330242471972,0.08692239610623863,-0.037414649801889174
banks,2020-09-30,4188.06744849302,0.08191754862720753,-0.025294836701751693
banks,2020-12-31,3078.387254142952,0.08560985009202725,-0.03505099439615107
banks,2021-03-31,5884.653677583576,0.08164447425116877,-0.027078830241401838
banks,2021-06-30,8718.93511015452,0.07523532280451001,-0.011650813919241117
banks,2021-09-30,16848.850201083136,0.045271090961153455,0.045373171558162145
banks,2021-12-31,19002.332703586693,0.0619934464358052,0.02144028218487138
banks,2022-03-31,19753.9988976753,0.05116956318197694,0.03904895618698233
banks,2022-06-30,25987.606924303946,0.0446540957724049,0.04293054662587729
banks,2022-09-30,23451.401022760318,0.030662178429597887,0.07843666126143792
banks,2022-12-31,21774.62302414865,0.026486081138628523,0.09151051350690295
banks,2023-03-31,17462.38070558496,0.02494352255532549,0.10613101001549062
banks,2023-06-30,17299.74711281044,0.007014302969484685,0.14395619997548192
banks,2023-09-30,16864.640055450174,0.006579059203248691,0.1454939364199625
banks,2023-12-31,14391.513193399533,0.015908355845928004,0.12883526777411589
banks,2024-03-31,17790.649292828686,0.024243841622278103,0.10540838371945833
banks,2024-06-30,14343.823221670036,0.02705678306767222,0.10562760044730993
banks,2024-09-30,13251.188938079447,0.027907002629762794,0.10426131521838829
banks,2024-12-31,16643.050903351974,0.027185703292857015,0.10348455144072301
banks,2025-03-31,30264.16547746239,0.0048788547216845396,0.15823598369518246
banks,2025-06-30,26681.615068806404,0.02665580949464703,0.21101742660455192
banks,2025-09-30,23404.34041931826,0.03821262764568467,0.21611270023743348
banks,2025-12-31,24784.351087128256,0.043637735744343605,0.2614974581285221
dealers,2005-09-30,-12620.651826082672,0.20773561215802852,-0.9905321233234076
dealers,2005-12-31,-11702.779419873588,0.21349614751018192,-1.0447616368606825
dealers,2006-03-31,-7201.834526791762,0.18398058103810355,-1.3529234319768906
dealers,2006-06-30,-8522.56106728692,0.1925869199603089,-1.3191551850650374
dealers,2006-09-30,-6603.306655555665,0.19022128650746026,-1.4554983197443532
dealers,2006-12-31,-4726.144549502735,0.18226733569632428,-1.3665904715638932
dealers,2007-03-31,-8110.728499821424,0.15983387880632127,-0.9576805068468782
dealers,2007-06-30,-13065.107068091434,0.20381824942449064,-0.923087206444112
dealers,2007-09-30,-827.97534975819,0.20842333331016735,-2.18979802609666
dealers,2007-12-31,-12880.552887006206,0.21641990628084198,-0.895878934559051
dealers,2008-03-31,-18208.122164286586,0.21673580404744705,-0.052367270690379254
dealers,2008-06-30,-18634.35892657504,0.22131168706285817,-0.03700842324025937
dealers,2008-09-30,-12415.497356995738,0.10793984363212952,-0.051948521304825836
dealers,2008-12-31,-15067.676093717042,0.12365328847123137,-0.06584300018623766
dealers,2009-03-31,-13561.301362976426,0.12091812774987562,-0.055025897756729586
dealers,2009-06-30,-13353.83179435924,0.11746399034484334,-0.08704669001444833
dealers,2009-09-30,-15951.109337622867,0.10737445776461715,-0.1727264527668787
dealers,2009-12-31,-14908.439976690006,0.10715234648110927,-0.16990544452889889
dealers,2010-03-31,-15999.61658387954,0.10498789068129528,-0.16701397724779177
dealers,2010-06-30,-15424.799125877527,0.09499544154087124,-0.1569505171788487
dealers,2010-09-30,-14456.170912252956,0.09305100992664755,-0.15403807096401445
dealers,2010-12-31,-16207.15436634533,0.09609652813171164,-0.16833596785028687
dealers,2011-03-31,-13136.916143869745,0.08585568099387693,-0.08866899068369113
dealers,2011-06-30,-7473.540849582655,0.06735558844864352,-0.050963797560594666
dealers,2011-09-30,-8548.590764240456,0.06833499072146598,-0.05004298535391625
dealers,2011-12-31,-9468.114341192417,0.08081607253394414,-0.05853430747087474
dealers,2012-03-31,-9002.988367279573,0.07567757906978818,-0.05444829795795118
dealers,2012-06-30,4718.829795172871,0.03903885061878572,-0.05699456203974901
dealers,2012-09-30,-10248.312811627387,0.0703771883945611,-0.040693203198627695
dealers,2012-12-31,-7606.797989066302,0.0711815879676869,-0.047496872928470844
dealers,2013-03-31,-10579.754651814568,0.07321880042698588,-0.054786207785118564
dealers,2013-06-30,5435.4074968336045,0.03693185948094774,-0.094669372639766
dealers,2013-09-30,17139.19091592326,0.011322900023106392,-0.10114584779238737
dealers,2013-12-31,29409.172928942,-0.03930599105439783,-0.11732205604842166
dealers,2014-03-31,30882.322240326,-0.052509340719022336,-0.1103765727952325
dealers,2014-06-30,15746.989336060098,-0.011720710061511748,-0.09737900631672694
dealers,2014-09-30,7184.999115477595,0.01376009817243907,-0.07028931846218893
dealers,2014-12-31,4629.7713536046385,0.0163835236363294,-0.06058274579354688
dealers,2015-03-31,7836.020877247857,0.0012589184576009221,-0.06037942535879632
dealers,2015-06-30,5039.7433151774485,0.01733412879071357,-0.06376401972020128
dealers,2015-09-30,2839.2636952206844,0.019373670639776644,-0.05549663643104178
dealers,2015-12-31,1876.7205227753739,0.01996242867924791,-0.03765789994188432
dealers,2016-03-31,4706.551114934411,0.015143672426737939,-0.0767694282221423
dealers,2016-06-30,6834.375493385586,0.018051701800224966,-0.17027125014690625
dealers,2016-09-30,6379.583809182338,0.01661449701316886,-0.16564513744282217
dealers,2016-12-31,3534.341657984466,-0.0028457479963025618,-0.11879146230211071
dealers,2017-03-31,5933.539036413236,-0.009146679808484834,-0.1290435611412681
dealers,2017-06-30,7258.377294212088,-0.01454202452100692,-0.13190295604621688
dealers,2017-09-30,8310.21641294463,-0.01643546071542273,-0.14253196452109085
dealers,2017-12-31,5068.412226298364,-0.03580321134730995,-0.08907042550560194
dealers,2018-03-31,3964.681442453676,-0.030275900546216813,-0.0568991249351406
dealers,2018-06-30,8860.074111190823,-0.041309763377064115,-0.0779405178217404
dealers,2018-09-30,4969.651694700632,-0.036170433520788595,-0.16658847100101312
dealers,2018-12-31,8091.949729218608,-0.02106512665369842,-0.39197401428855766
dealers,2019-03-31,4980.191456770693,-0.026736500890478875,-0.4813309312674934
dealers,2019-06-30,2791.446960244728,-0.020760527311250776,-0.4925840510167939
dealers,2019-09-30,4640.494461291517,-0.035186551021726034,-0.48901931640021945
dealers,2019-12-31,10729.855746873338,-0.03102122108197393,-0.1620507796630262
dealers,2020-03-31,12555.661097857019,-0.031153708762838475,-0.0007958228756763465
dealers,2020-06-30,4927.119274514397,0.005854190061473181,0.021729496261147098
dealers,2020-09-30,420.21854794408046,0.012237105939549514,0.0027327380365221293
dealers,2020-12-31,-568.5080002428998,0.013000156700428448,-0.000478046010826593
dealers,2021-03-31,-7127.591347162971,0.025335036841521157,-0.026922991802185617
dealers,2021-06-30,-6016.736576998946,0.022498032810281787,-0.019494607675377078
dealers,2021-09-30,-6494.663149801716,0.023405742697931387,-0.020968988207937377
dealers,2021-12-31,-4413.7806945410985,0.0310559459709594,-0.03396493876910887
dealers,2022-03-31,-6358.043538169513,0.03595983428762294,-0.04019486445951558
dealers,2022-06-30,-9195.934866053078,0.038913309198895275,-0.04193469619055641
dealers,2022-09-30,-8193.780964887017,0.039387923355076314,-0.044165520327451115
dealers,2022-12-31,-8380.606335114766,0.03729312947616742,-0.038682615180355026
dealers,2023-03-31,-2228.6933410095453,0.0512573641648578,-0.0799532460689881
dealers,2023-06-30,-5077.962983669963,0.034755333251218386,-0.0407496573493194
dealers,2023-09-30,-2901.822276836743,0.030379488150596063,-0.03489721186310088
dealers,2023-12-31,-9071.606213215295,0.02859869988705072,-0.02230782741876587
dealers,2024-03-31,-7911.061470502488,0.033282924377679796,-0.034234530539141474
dealers,2024-06-30,-14026.222536086647,0.03787253176366466,-0.03276264087868112
dealers,2024-09-30,-11997.118176054253,0.041562952367821995,-0.04076012199325779
dealers,2024-12-31,-9367.11307855925,0.04278874237948702,-0.0456500354242345
dealers,2025-03-31,-10396.53922517695,0.04697115793965308,-0.062393298692635844
dealers,2025-06-30,3654.8609068531046,0.015329428442882457,-0.09809950995691143
dealers,2025-09-30,12042.448335934912,0.00033207092463283114,-0.06774178482623015
dealers,2025-12-31,13557.071053145906,0.0031843386676406104,-0.05643675192525934
foreigners_official,2005-09-30,57116.14557745051,0.11619391370807548,-2.8556614087129577
foreigners_official,2005-12-31,53255.514690694574,0.09196472830678085,-2.6275685566787246
foreigners_official,2006-03-31,60862.73792170405,0.04207931351578541,-3.1484048749195526
foreigners_official,2006-06-30,43788.18881714334,0.15334334284512535,-2.711843957581445
foreigners_official,2006-09-30,45387.15756918312,0.15137248689879332,-2.825434115600527
foreigners_official,2006-12-31,46747.146316398495,0.14560991393603767,-2.76102109944456
foreigners_official,2007-03-31,46715.27878623464,0.14539869185538754,-2.75717101009054
foreigners_official,2007-06-30,41797.216438884956,0.18906065147924137,-2.7228312829507915
foreigners_official,2007-09-30,27410.952030229084,0.18364680484195056,-1.2336557800406343
foreigners_official,2007-12-31,28888.46991507309,0.1826665100008579,-1.3922765060537736
foreigners_official,2008-03-31,23130.490586344677,0.1830079288948101,-0.4806182110017225
foreigners_official,2008-06-30,17766.355214464056,0.2405948339021831,-0.2873290718008394
foreigners_official,2008-09-30,16656.326789252642,0.2608310085490547,-0.28466235646370475
foreigners_official,2008-12-31,13185.339300828473,0.35178797850082416,-0.25127484005840556
foreigners_official,2009-03-31,12267.680779708298,0.31687414166698924,-0.28092305122132394
foreigners_official,2009-06-30,6049.91311428916,0.3225823471636078,-0.40221384736115484
foreigners_official,2009-09-30,5910.802492910514,0.3226671296901341,-0.40345446379098354
foreigners_official,2009-12-31,8164.520904471788,0.31305804856423425,-0.3881659500612591
foreigners_official,2010-03-31,8791.368556675878,0.29995113391691747,-0.3758792562652696
foreigners_official,2010-06-30,7247.88312591933,0.3097371247146473,-0.38590815354310404
foreigners_official,2010-09-30,7747.166648924773,0.3306873526774399,-0.36714672937568166
foreigners_official,2010-12-31,9330.633582253275,0.32707887723920687,-0.3996614400137409
foreigners_official,2011-03-31,17345.71980341984,0.30672679471087927,-0.27553482272562696
foreigners_official,2011-06-30,28651.517834071143,0.2661841844314745,-0.15090620758817394
foreigners_official,2011-09-30,27701.422443458803,0.2796811004039285,-0.15191492889812006
foreigners_official,2011-12-31,23894.922074323455,0.2730550573181092,-0.1370336984491809
foreigners_official,2012-03-31,23967.615151692724,0.26470117223500716,-0.12835070676108282
foreigners_official,2012-06-30,31493.938961908192,0.24785068759754572,-0.13306890635609192
foreigners_official,2012-09-30,37874.29626789356,0.23462006947519568,-0.1401985774501849
foreigners_official,2012-12-31,29640.38505673581,0.2481253263000883,-0.12859562854737472
foreigners_official,2013-03-31,25158.61999934795,0.2557756611472246,-0.11035506902322265
foreigners_official,2013-06-30,-6714.683804986009,0.3370746788043764,-0.0977338764502143
foreigners_official,2013-09-30,411.6135165150483,0.3218274617553152,-0.10186915547670163
foreigners_official,2013-12-31,18669.096105788325,0.24276834532506025,-0.1019276082323467
foreigners_official,2014-03-31,18816.044455054598,0.25327015422170507,-0.10776465049471785
foreigners_official,2014-06-30,29205.575581120753,0.228635072586124,-0.0901659226373721
foreigners_official,2014-09-30,22607.516060270344,0.24487386192547447,-0.07159457093052858
foreigners_official,2014-12-31,23248.92470960925,0.24522673677038562,-0.07557124888087138
foreigners_official,2015-03-31,15200.011563401824,0.2715946876072058,-0.06310266255040595
foreigners_official,2015-06-30,10638.093701350708,0.2743855904322071,-0.04246527448005146
foreigners_official,2015-09-30,2948.7286218482127,0.2495206256532713,0.012562561663519285
foreigners_official,2015-12-31,5054.585359081695,0.19973189427406948,0.09786119343118732
foreigners_official,2016-03-31,1963.7446947192168,0.2125862782134137,0.16590185909532165
foreigners_official,2016-06-30,3093.683458742815,0.2194448456028746,0.06098982346551322
foreigners_official,2016-09-30,-2033.7237670937386,0.17615997572838227,0.12111003141796267
foreigners_official,2016-12-31,-8574.30456020695,0.16868243058799817,0.1888195114082245
foreigners_official,2017-03-31,1727.5010844251553,0.12200147386733383,0.17746787440471293
foreigners_official,2017-06-30,2589.774725794127,0.10123454794906003,0.20081848531042196
foreigners_official,2017-09-30,-991.7166515833889,0.10796804814180325,0.23669799193913169
foreigners_official,2017-12-31,-7545.529521690839,0.09981218173753367,0.3095131778528901
foreigners_official,2018-03-31,-4520.914705119663,0.06912228674507472,0.280127623142415
foreigners_official,2018-06-30,3694.5522117464798,0.032703721856939434,0.4964022224781837
foreigners_official,2018-09-30,6331.7375095323805,0.029497614801074053,0.553240864862274
foreigners_official,2018-12-31,7437.629061470252,0.04018649932716594,0.47998645343244706
foreigners_official,2019-03-31,18633.67252029812,-0.011550247962959309,-0.07270953699175133
foreigners_official,2019-06-30,17856.98245269359,-0.024837479032621144,-0.43243086520703145
foreigners_official,2019-09-30,5210.894164279505,0.08112737682457846,-0.4260257898439846
foreigners_official,2019-12-31,5429.542829251452,0.08152687671273313,-0.3335063992708006
foreigners_official,2020-03-31,-62122.13379346816,0.11571316695713463,-4.970326516005039
foreigners_official,2020-06-30,-449106.33095434925,1.7473362616956567,-4.205817096310218
foreigners_official,2020-09-30,-435506.2979071614,1.7251974086359751,-4.099316167271764
foreigners_official,2020-12-31,-412107.75289269484,1.8185849009744477,-4.265116276990379
foreigners_official,2021-03-31,-355474.8588767514,1.691859758004128,-3.9852705722829707
foreigners_official,2021-06-30,-333650.0477196489,1.6316792134696958,-3.8204433345070177
foreigners_official,2021-09-30,-213303.86318234223,1.282105188748978,-3.183036075331208
foreigners_official,2021-12-31,-205026.0028457922,1.2606612064794964,-3.1729700277764374
foreigners_official,2022-03-31,-245180.80720877583,1.234784257716702,-3.085149009941643
foreigners_official,2022-06-30,-259412.67623633923,1.2523007423166064,-3.0996703718570213
foreigners_official,2022-09-30,-282018.94157053175,1.1802894751324577,-2.9062297511465616
foreigners_official,2022-12-31,-309133.6183076209,1.1354876470707511,-2.750975134318129
foreigners_official,2023-03-31,-317416.88238732057,1.186495448245103,-2.816544057056684
foreigners_official,2023-06-30,-324010.25287580787,0.9229570360238002,-2.2537247741035134
foreigners_official,2023-09-30,-312381.5500878575,0.730584178202745,-1.8731779166368285
foreigners_official,2023-12-31,-319234.2329424387,0.683879019891021,-1.7625310700769068
foreigners_official,2024-03-31,-352752.37296565966,0.6676796411450442,-1.6725471867830808
foreigners_official,2024-06-30,-388650.87129315303,0.7026552791556354,-1.6856030223580833
foreigners_official,2024-09-30,-398379.8042530052,0.6790402660579323,-1.6354207892032784
foreigners_official,2024-12-31,-447918.33233214205,0.720611983561677,-1.6986247944562465
foreigners_official,2025-03-31,-7178.662978616526,0.013277665601423336,1.0550943935420119e-05
foreigners_official,2025-06-30,-6355.935142185039,0.00995492862808135,-0.006763647628442176
foreigners_official,2025-09-30,-6173.042675572713,0.006342141122308883,-0.015881814899998563
foreigners_official,2025-12-31,-6536.581109337903,0.005497906851495647,-0.020576859071127065
foreigners_private,2005-09-30,30754.847618627166,0.06256595353511796,-1.5376638354608227
foreigners_private,2005-12-31,28676.046371912435,0.04951946908826701,-1.41484460744239
foreigners_private,2006-03-31,32772.24349630218,0.022658091893115295,-1.6952949326489921
foreigners_private,2006-06-30,23578.255516923396,0.08256949230122114,-1.4602236694669355
foreigners_private,2006-09-30,24439.238691098617,0.08150826217627324,-1.5213876007079774
foreigners_private,2006-12-31,25171.540324214595,0.07840533827325097,-1.486703668931687
foreigners_private,2007-03-31,25154.38088489561,0.07829160330674703,-1.4846305438949083
foreigners_private,2007-06-30,22506.193467091918,0.10180188925805304,-1.46613992158889
foreigners_private,2007-09-30,14759.743400892585,0.09888674106874251,-0.6642761892526483
foreigners_private,2007-12-31,15555.329954270128,0.09835889000046194,-0.7496873494135698
foreigners_private,2008-03-31,12454.87954649329,0.09854273094335926,-0.2587944213086201
foreigners_private,2008-06-30,9566.498961634494,0.12955106440886782,-0.15471565404660617
foreigners_private,2008-09-30,8968.791348059112,0.14044746614179868,-0.1532797304035336
foreigners_private,2008-12-31,7099.798085061496,0.1894242961158283,-0.13530183695452644
foreigners_private,2009-03-31,6605.67426599678,0.1706245378206864,-0.15126625834994387
foreigners_private,2009-06-30,3257.6455230787765,0.1736981869342502,-0.2165766870406222
foreigners_private,2009-09-30,3182.739803874912,0.17374383906391822,-0.21724471127206832
foreigners_private,2009-12-31,4396.2804870232685,0.16856971845766472,-0.20901243464837055
foreigners_private,2010-03-31,4733.813838210094,0.16151214903218628,-0.20239652260437607
foreigners_private,2010-06-30,3902.7062985719617,0.1667815286925023,-0.20779669806167161
foreigners_private,2010-09-30,4171.551272497983,0.1780624206724676,-0.19769439274075187
foreigners_private,2010-12-31,5024.187313520982,0.17611939543649607,-0.21520231385355332
foreigners_private,2011-03-31,9340.002971072267,0.1651605817673964,-0.14836490454456835
foreigners_private,2011-06-30,15427.740372192142,0.14332994546310174,-0.08125718870132465
foreigners_private,2011-09-30,14916.150546477813,0.15059751560211537,-0.08180034632975719
foreigners_private,2011-12-31,12866.496501558797,0.14702964624821266,-0.0737873760880207
foreigners_private,2012-03-31,12905.638927834547,0.1425314004342347,-0.06911191902519864
foreigners_private,2012-06-30,16958.274825642893,0.1334580625525246,-0.07165248803789592
foreigners_private,2012-09-30,20393.85183655813,0.12633388356356684,-0.07549154170394601
foreigners_private,2012-12-31,15960.207338242391,0.13360594493081676,-0.06924379998704815
foreigners_private,2013-03-31,13546.949230418211,0.1377253560023516,-0.059421960243274105
foreigners_private,2013-06-30,-3615.5989719155214,0.18150175012543338,-0.05262593347319273
foreigners_private,2013-09-30,221.63804735428036,0.17329171017593903,-0.054852622179762736
foreigners_private,2013-12-31,10052.590210809043,0.1307214167134943,-0.05488409674049455
foreigners_private,2014-03-31,10131.716245029344,0.13637623688861075,-0.05802711949715598
foreigners_private,2014-06-30,15726.079159064886,0.12311119293099039,-0.048550881420123496
foreigners_private,2014-09-30,12173.27787860701,0.1318551564214098,-0.038550922808746245
foreigners_private,2014-12-31,12518.651766712577,0.13204516595328505,-0.040692210935854005
foreigners_private,2015-03-31,8184.621611062427,0.14624329332695754,-0.03397835675791115
foreigners_private,2015-06-30,5728.2043007272305,0.1477460871558042,-0.022865917027720215
foreigners_private,2015-09-30,1587.7769502258625,0.13435725996714662,0.0067644562803562845
foreigners_private,2015-12-31,2721.6998087361917,0.1075479430706534,0.05269448877063925
foreigners_private,2016-03-31,1057.400989464103,0.1144695344226078,0.08933177028209609
foreigners_private,2016-06-30,1665.8295547075338,0.1181626091707792,0.0328406741737381
foreigners_private,2016-09-30,-1095.0820284352098,0.09485537154605259,0.06521309384044152
foreigners_private,2016-12-31,-4616.933224726938,0.09082900108584574,0.10167204460442869
foreigners_private,2017-03-31,930.1928916134551,0.06569310131318024,0.09555962467946082
foreigners_private,2017-06-30,1394.494083119865,0.05451091043410962,0.10813303055176553
foreigners_private,2017-09-30,-534.0012739295814,0.05813664130712504,0.12745276489030177
foreigners_private,2017-12-31,-4062.977434756665,0.05374502093559536,0.1666609419207871
foreigners_private,2018-03-31,-2434.3386873721815,0.037219692862732724,0.1508379509228388
foreigners_private,2018-06-30,1989.374267863458,0.017609696384506025,0.2672935044113296
foreigners_private,2018-09-30,3409.3971205174134,0.015883331046732355,0.2978989272335319
foreigners_private,2018-12-31,4004.8771869454986,0.021638884253089418,0.2584542441559326
foreigners_private,2019-03-31,10033.515972468162,-0.006219364287747158,-0.039151289149404266
foreigners_private,2019-06-30,9615.29824375814,-0.013374027171411496,-0.23284738895763135
foreigners_private,2019-09-30,2805.866088458197,0.0436839721363114,-0.22939850222368469
foreigners_private,2019-12-31,2923.59998498155,0.04389908746070236,-0.17958036883812403
foreigners_private,2020-03-31,78356.68659821949,0.005425637965613432,4.98467516875228
foreigners_private,2020-06-30,483171.7461773461,-1.696607073979806,4.192280309345
foreigners_private,2020-09-30,476701.6233879463,-1.6834048073153638,4.095989532976953
foreigners_private,2020-12-31,452476.6361996818,-1.7719341425689794,4.249949670987821
foreigners_private,2021-03-31,387968.6557918692,-1.6407905823249815,3.9648230617008355
foreigners_private,2021-06-30,381311.2101665093,-1.6079654453955108,3.853046997122874
foreigners_private,2021-09-30,270657.235478917,-1.2516597568998302,3.1902457830433315
foreigners_private,2021-12-31,276576.2944387263,-1.2097316396773787,3.129267858874642
foreigners_private,2022-03-31,310525.8751208563,-1.2194991658528989,3.1088955067430724
foreigners_private,2022-06-30,303543.8439403014,-1.2183234488080088,3.1176661146717266
foreigners_private,2022-09-30,311393.7543068669,-1.1775915744978245,3.013781291129163
foreigners_private,2022-12-31,343558.8897157002,-1.1434693563124003,2.876615084843085
foreigners_private,2023-03-31,365788.7236439147,-1.170155790538707,2.8613520107641084
foreigners_private,2023-06-30,375957.60075289756,-0.8994437279503219,2.2776907882619035
foreigners_private,2023-09-30,368488.55319607205,-0.7322508859059678,1.9430859314562832
foreigners_private,2023-12-31,384436.2723516263,-0.6414258543484275,1.7242027701551836
foreigners_private,2024-03-31,408438.71153631585,-0.610381600057779,1.6182158949062748
foreigners_private,2024-06-30,440415.4130782251,-0.6386485780397744,1.6220458143530796
foreigners_private,2024-09-30,449232.8936296689,-0.5954007329579222,1.5328906999718537
foreigners_private,2024-12-31,498303.8915689653,-0.65814510738189,1.647295741588539
foreigners_private,2025-03-31,87834.49441112524,0.027778844604903558,-0.07185936846909799
foreigners_private,2025-06-30,99348.70249389033,-0.005558423352488646,-0.12472264430847028
foreigners_private,2025-09-30,94547.71176094124,0.014028628193250224,-0.10934958948632159
foreigners_private,2025-12-31,92080.3879958348,0.011644512953805596,-0.09968346180552068
households_residual,2005-09-30,-108808.9164521211,0.4270967912715266,4.961630682398609
households_residual,2005-12-31,-111688.68803318527,0.409023444816586,5.13177264426951
households_residual,2006-03-31,-145475.23522759613,0.6305833846219907,7.445003150648613
households_residual,2006-06-30,-121038.61631825897,0.47134540613199566,6.820209330186762
households_residual,2006-09-30,-99184.42248129378,0.4444083769868465,5.2676953563184155
households_residual,2006-12-31,-105043.34169722376,0.4692339128847093,4.990199929326893
households_residual,2007-03-31,-99532.62910615641,0.5057596233293464,4.324420819026861
households_residual,2007-06-30,-86203.83104292724,0.3874281745251587,4.2313542297351
households_residual,2007-09-30,-72180.05406665409,0.3927056097000216,2.7797011432829817
households_residual,2007-12-31,-55129.83467056808,0.3813932308212757,0.9492541436001359
households_residual,2008-03-31,-46533.079024966835,0.380883486927362,-0.4118663376327563
households_residual,2008-06-30,-42512.194174498116,0.33771710541817396,-0.5567533171163652
households_residual,2008-09-30,-40659.34949735702,0.3039391519635017,-0.561204562873355
households_residual,2008-12-31,-40622.20666155656,0.3195037553744803,-0.5494456268926541
households_residual,2009-03-31,-42853.36648615503,0.3554934052491199,-0.5453345780922405
households_residual,2009-06-30,-39631.04605068811,0.3372545387747851,-0.6513477027497836
households_residual,2009-09-30,-37433.55917571599,0.36650169474651095,-0.46793183733166654
households_residual,2009-12-31,-41882.574169662104,0.37823186828740396,-0.4908245315026688
households_residual,2010-03-31,-37130.38188751286,0.3581492750105029,-0.47473597950463775
households_residual,2010-06-30,-35351.96071156731,0.39110418326121915,-0.5072754800265792
households_residual,2010-09-30,-34428.14860267444,0.36823491903247507,-0.5210207112477059
households_residual,2010-12-31,-34632.96176417019,0.36519059009579724,-0.7035824879006978
households_residual,2011-03-31,-43691.060938030336,0.37789014728552295,-0.7085312654882996
households_residual,2011-06-30,-37381.13985207096,0.3549312728957508,-0.6344431591105171
households_residual,2011-09-30,-37558.000646534536,0.3728372467554091,-0.6368519764908035
households_residual,2011-12-31,-27442.73213082163,0.3409446159994454,-0.6339113367715442
households_residual,2012-03-31,-27523.098673676635,0.3109568993025786,-0.6017234320094333
households_residual,2012-06-30,-16506.29083814198,0.2966555903710557,-0.6192363474989842
households_residual,2012-09-30,-21449.532006902202,0.29605804167026106,-0.5984859747465485
households_residual,2012-12-31,-13378.086340138794,0.2805656683680535,-0.6085082089445096
households_residual,2013-03-31,-7456.998597603298,0.27121721570626556,-0.6277633282929075
households_residual,2013-06-30,20289.37492724443,0.20747149628312017,-0.690404345721039
households_residual,2013-09-30,13972.609528494562,0.22891707398263383,-0.691138390544238
households_residual,2013-12-31,25993.545197393545,0.18446784187838067,-0.7402020678018083
households_residual,2014-03-31,24133.108373415394,0.15700076846331698,-0.7245855071543852
households_residual,2014-06-30,9760.819654739773,0.19770254978875157,-0.6967160365734855
households_residual,2014-09-30,15537.043151515987,0.1465081270765765,-0.7380585596415905
households_residual,2014-12-31,8062.310179457226,0.15419105374075115,-0.7096774503712402
households_residual,2015-03-31,32446.03848939838,0.09206294038035126,-0.7673117716523226
households_residual,2015-06-30,23176.57499130788,0.050398565311520684,-0.672539741484542
households_residual,2015-09-30,58845.0283731432,-0.02384296489932661,-0.7729024688158919
households_residual,2015-12-31,58945.966299170934,-0.032336983784937656,-0.7531578833417728
households_residual,2016-03-31,69140.49427742824,-0.036740836885981565,-0.8508416110453566
households_residual,2016-06-30,70571.66973329667,-0.026542807185487915,-0.9994345198623069
households_residual,2016-09-30,71181.7077719346,-0.08667117085894331,-0.9873893988566823
households_residual,2016-12-31,66146.06153240381,-0.09514680856422893,-0.9323408086723026
households_residual,2017-03-31,50390.2491226874,-0.012580306716902526,-0.9335758914646365
households_residual,2017-06-30,41935.43028540407,-0.01909273704575862,-0.8555045021819137
households_residual,2017-09-30,47435.41143650444,-0.03248713533827813,-0.9072757950834311
households_residual,2017-12-31,42661.4820397808,-0.051057226003992956,-0.8398683190360472
households_residual,2018-03-31,45078.33929791613,-0.007800925084161115,-1.1196529743552508
households_residual,2018-06-30,42598.392274107086,0.0006908594333118563,-1.1497804460313723
households_residual,2018-09-30,42632.099059436194,0.01716104141663205,-1.342475647564291
households_residual,2018-12-31,44705.5750576195,-0.006612559558586423,-1.5337857018317873
households_residual,2019-03-31,46569.48093529866,-0.018113942775159472,-1.6607976429378852
households_residual,2019-06-30,44060.77763397376,-0.010614832940620855,-1.6586994083484699
households_residual,2019-09-30,42846.461664152506,-2.042809520319633e-05,-1.6563163952932867
households_residual,2019-12-31,55361.8768384065,0.008337829302138349,-1.0498165787185123
households_residual,2020-03-31,59169.690480250676,0.015398065628451382,-0.38047608542077493
households_residual,2020-06-30,50782.51209150169,0.061799081796175104,-0.34691903665724655
households_residual,2020-09-30,34528.95522873751,0.08235085852288018,-0.37326463052272274
households_residual,2020-12-31,39160.813205327446,0.09293022258989049,-0.3889307521283295
households_residual,2021-03-31,1683.7155401356845,0.16039820971454882,-0.5323619443709423
households_residual,2021-06-30,-18170.288671588358,0.19595962979603385,-0.600757152152615
households_residual,2021-09-30,12600.324620021522,0.10716122975726809,-0.4390626099745867
households_residual,2021-12-31,12733.39641493494,0.07413030302676167,-0.39998460436400884
households_residual,2022-03-31,19909.54457918104,0.09356454605128112,-0.4408931801259848
households_residual,2022-06-30,23683.67028118642,0.09066295480804894,-0.44077841367448406
households_residual,2022-09-30,44586.37006248295,0.13591888972391106,-0.5698492703041266
households_residual,2022-12-31,68123.5197579903,0.16850871419196473,-0.6890511656356418
households_residual,2023-03-31,80701.55259370967,0.19340621909872804,-0.7670924216979322
households_residual,2023-06-30,84781.83053224435,0.13631423648793847,-0.6541220096738588
households_residual,2023-09-30,85921.86211426392,0.08954528114263012,-0.5591304902085392
households_residual,2023-12-31,85290.94057865631,0.08089139261035216,-0.5395339828504071
households_residual,2024-03-31,73771.71357219678,0.05734573200945074,-0.47019140136274085
households_residual,2024-06-30,63963.59222791211,0.0639354004058363,-0.4657465115345586
households_residual,2024-09-30,66690.54894724811,0.07105987862687371,-0.4808225775195057
households_residual,2024-12-31,68360.24510843272,0.04770387410001022,-0.4259584035896403
households_residual,2025-03-31,57664.117124813616,0.06636130465446653,-0.47471225247731447
households_residual,2025-06-30,160051.55015518065,-0.18944200850623655,-0.8153083407883689
households_residual,2025-09-30,143890.34720874694,-0.15773354880209542,-0.8654329907271687
households_residual,2025-12-31,137883.0642445941,-0.17678431323321944,-1.0063274313064905
insurers,2005-09-30,2650.4015256118305,0.011713216565088037,0.0357817831154123
insurers,2005-12-31,2345.7738328765868,0.00980138374238247,0.05377972212661259
insurers,2006-03-31,4699.112904655111,-0.005630961566084277,-0.10734404412768268
insurers,2006-06-30,1038.7350117553312,0.018221404358078622,-0.01375574958808478
insurers,2006-09-30,450.4547028725105,0.018946506548720394,0.028035469383687294
insurers,2006-12-31,348.2652665067216,0.01937950578072609,0.023195480943285822
insurers,2007-03-31,-1933.1252353514026,0.00425815668023255,0.2988226550107802
insurers,2007-06-30,-5145.922363079764,0.032780978995834875,0.3212555907748033
insurers,2007-09-30,-7173.176709637249,0.03201808156705975,0.5311041953399404
insurers,2007-12-31,-6355.555249965152,0.031475610909272984,0.4433274510666877
insurers,2008-03-31,-3360.68579035843,0.0312980303797061,-0.030848892677058648
insurers,2008-06-30,-2375.839090045701,0.02072516645180517,-0.06633647040415439
insurers,2008-09-30,-2259.298873535614,0.018600600881123277,-0.06661644484057591
insurers,2008-12-31,-2272.5351473135747,0.021048130808938317,-0.06495010377643766
insurers,2009-03-31,-2771.302369692458,0.02645768267594991,-0.06569259591690917
insurers,2009-06-30,-2722.67438710941,0.02869660304248527,-0.03950757384002834
insurers,2009-09-30,-3293.381767736932,0.030363856404104845,-0.03753051091517772
insurers,2009-12-31,-3652.401595293372,0.03163861909347112,-0.03970827654984137
insurers,2010-03-31,-3695.0091950012493,0.029174210774291227,-0.03728224429813774
insurers,2010-06-30,-4540.209407681386,0.03190919557685467,-0.04015828225361243
insurers,2010-09-30,-5319.225268274819,0.03440501831250224,-0.041767804079834936
insurers,2010-12-31,-5185.06917634803,0.03446397318165186,-0.025124013617358838
insurers,2011-03-31,-4259.917180699965,0.03161734369573264,-0.0042610307722856485
insurers,2011-06-30,-3759.0360978207036,0.02958861615784561,0.004439403180820476
insurers,2011-09-30,-4079.593777990663,0.030788213318176418,0.004583023711445467
insurers,2011-12-31,-3929.910466379919,0.032832831797768795,0.0024666131609053306
insurers,2012-03-31,-2524.01022434967,0.02819422192828704,0.00321187859258904
insurers,2012-06-30,-197.75130601281464,0.020979669866891443,0.003806887108750731
insurers,2012-09-30,2159.893922069554,0.015179806720617807,0.002450965374902809
insurers,2012-12-31,5787.3242555255565,0.005871075966278075,-0.0006458426565321403
insurers,2013-03-31,4170.370021447924,0.007521754336408726,-0.0011465763591357223
insurers,2013-06-30,-5500.890743771635,0.030574020755654643,0.014563442982641233
insurers,2013-09-30,-6768.753201110492,0.03466597402926951,0.01453398322482825
insurers,2013-12-31,-5933.52141820902,0.03185573569593192,0.009331650993310178
insurers,2014-03-31,-5052.301825685102,0.026794894326143955,0.011918792269281768
insurers,2014-06-30,204.56426398512556,0.012406148924993931,0.00565523860621853
insurers,2014-09-30,1170.5613221624815,0.010639395253548034,0.003350551924946353
insurers,2014-12-31,1409.0837188221635,0.01022071113014337,0.002709128226529041
insurers,2015-03-31,401.5838948812428,0.01320685820922585,0.004621590212040677
insurers,2015-06-30,113.6538980501914,0.01306649100106247,0.006277455634534664
insurers,2015-09-30,476.9761395762368,0.010276719662687978,0.0069166067918726626
insurers,2015-12-31,1227.7297348723441,0.0050075420243051675,0.005332789496359983
insurers,2016-03-31,2614.149612907643,0.0032002827743190998,-0.01198251944468097
insurers,2016-06-30,5149.516537364299,-0.0006991181703050106,-0.046815599863744395
insurers,2016-09-30,5813.769137828894,-0.003161500201790943,-0.05223081938259301
insurers,2016-12-31,4692.419836857525,-0.008833433342776148,-0.035909639233668994
insurers,2017-03-31,5187.553133557779,-0.008879447426705399,-0.04011341445633599
insurers,2017-06-30,6290.805381357504,-0.009879834647527574,-0.04759750845158162
insurers,2017-09-30,6961.908294506141,-0.00697511228673663,-0.05886053846210895
insurers,2017-12-31,7634.697836819767,-0.005864501818772431,-0.06664645338797327
insurers,2018-03-31,7826.198391809815,-0.014356588832424428,-0.04374239195920929
insurers,2018-06-30,6568.548409542364,-0.014219915422658092,-0.00041954518548333877
insurers,2018-09-30,7073.10491453992,-0.016401242006552796,0.028822623824604935
insurers,2018-12-31,6651.708219950915,-0.012710884060146217,0.06629743253232265
insurers,2019-03-31,6681.778523765365,-0.010888073273864228,0.08858515018460808
insurers,2019-06-30,7414.168844388708,-0.012509202726659228,0.10108994690232748
insurers,2019-09-30,7191.592434893693,-0.010503534489369432,0.10179564773458713
insurers,2019-12-31,5520.519082441887,-0.011611446441963257,0.023430594073945012
insurers,2020-03-31,6379.203979658481,-0.012958357501783358,0.04095644034441804
insurers,2020-06-30,7852.256946013666,-0.017578040886720492,0.0404949200972896
insurers,2020-09-30,8322.529763450466,-0.01818303041137396,0.04143412516924287
insurers,2020-12-31,7337.451243903055,-0.01841038697971606,0.0403778013877811
insurers,2021-03-31,5820.625497033355,-0.016090427107013302,0.03561883173466426
insurers,2021-06-30,6287.321080864446,-0.017474169554094737,0.039555164654742764
insurers,2021-09-30,4478.359277132851,-0.013794319266683983,0.03343760566728681
insurers,2021-12-31,5063.285846885459,-0.013876714533737755,0.032442913377031576
insurers,2022-03-31,3778.2315573561787,-0.020236639837476932,0.04467142357448753
insurers,2022-06-30,2275.2187300301825,-0.018813812537739755,0.044052962651058764
insurers,2022-09-30,1880.5983620851352,-0.017903541465842,0.04237004635279038
insurers,2022-12-31,2555.067957858426,-0.014255844951543709,0.032248840114395654
insurers,2023-03-31,3595.3833170645607,-0.012051012690086717,0.025541503284809343
insurers,2023-06-30,4256.1883247853675,-0.009428123096890203,0.01897226655726336
insurers,2023-09-30,4032.6838178781413,-0.0037682504970769103,0.007602069018143262
insurers,2023-12-31,4633.123537925261,-0.0017801013532773766,0.0024546593176945886
insurers,2024-03-31,5581.482124317343,5.0934403632413135e-05,-0.0030246147098172064
insurers,2024-06-30,11833.476967319495,-0.003030985896627732,-0.008879075877062778
insurers,2024-09-30,13254.297580296574,0.002082408924891682,-0.01953577309466863
insurers,2024-12-31,10780.468462856405,-0.0023508880123051285,-0.007057202142886721
insurers,2025-03-31,13680.11535051464,-0.002972942493352503,-0.01623741844464897
insurers,2025-06-30,18590.46698538664,-0.0230059126388242,-0.05731073956288308
insurers,2025-09-30,8708.121180913338,0.004786534171831307,-0.062949117473868
insurers,2025-12-31,8148.424710208663,0.0043446555137231545,-0.05952820513106105
money_market_funds,2005-09-30,-15825.065413425325,0.09220930405763543,0.16034745805351885
money_market_funds,2005-12-31,-15002.024163944112,0.09737468236277311,0.11172073577866891
money_market_funds,2006-03-31,-13137.657220350637,0.08514883917669913,-0.01592505365904656
money_market_funds,2006-06-30,-7381.55378075495,0.04763995633569784,-0.16309671731438258
money_market_funds,2006-09-30,-8303.874436827358,0.04877678977733095,-0.0975753936900895
money_market_funds,2006-12-31,-7083.4736005186705,0.04360568165056449,-0.03977366632516688
money_market_funds,2007-03-31,-5688.005468998389,0.05285502355768001,-0.2083677484338251
money_market_funds,2007-06-30,-3341.334428090921,0.032021563344678886,-0.2247530720714843
money_market_funds,2007-09-30,5785.574588532329,0.0354562065769259,-1.1695132223623024
money_market_funds,2007-12-31,7996.082844475966,0.03398959161292291,-1.4068250194055145
money_market_funds,2008-03-31,4284.7888194069155,0.034209652476088696,-0.8192174942360028
money_market_funds,2008-06-30,-7205.670316602013,0.1575659686170181,-0.40517481979778724
money_market_funds,2008-09-30,-14685.171443838903,0.293919676003758,-0.38720618051152705
money_market_funds,2008-12-31,-12239.96543991286,0.2695186961960625,-0.3816591701126688
money_market_funds,2009-03-31,-8110.1079460503615,0.18263577703831116,-0.4020438126913983
money_market_funds,2009-06-30,-7297.572437238749,0.17765938305334375,-0.4329456895708639
money_market_funds,2009-09-30,-8157.497024842312,0.16349358195360594,-0.5192924185127259
money_market_funds,2009-12-31,-9867.400083310853,0.1573786093122165,-0.5173954855888461
money_market_funds,2010-03-31,-6862.533915596647,0.11778593874068118,-0.48108276664714406
money_market_funds,2010-06-30,-7624.860447988279,0.10740526034745762,-0.47086867733514903
money_market_funds,2010-09-30,-8099.511097618738,0.09602315766341675,-0.4819941998419695
money_market_funds,2010-12-31,-3098.6816137088867,0.09061988331533224,-0.2658979441664485
money_market_funds,2011-03-31,437.61645464970206,0.07997381174753382,-0.1892370651221954
money_market_funds,2011-06-30,3492.979716428537,0.06870683724050645,-0.15131307180136172
money_market_funds,2011-09-30,5553.058341574042,0.06713887532507895,-0.15312214980692568
money_market_funds,2011-12-31,7444.178331001446,0.07363717268950057,-0.16326734217813105
money_market_funds,2012-03-31,8604.771485795702,0.07349326418721895,-0.1665783623032384
money_market_funds,2012-06-30,-636.1841877683086,0.08959071872935791,-0.15608589860225516
money_market_funds,2012-09-30,-5901.2218951091,0.10169273472784732,-0.15186466714540242
money_market_funds,2012-12-31,-18788.183898250125,0.12830966075754632,-0.13699171121228626
money_market_funds,2013-03-31,-39819.359548676766,0.16457810948571516,-0.04904429814927967
money_market_funds,2013-06-30,-54519.85711427068,0.1958433120895188,0.002582992648518151
money_market_funds,2013-09-30,-23191.62796899783,0.08161875367101377,0.0105864759005043
money_market_funds,2013-12-31,-6706.213699700231,0.008081718907237608,0.024403931937951054
money_market_funds,2014-03-31,-12462.235797404943,0.03908703862011972,0.008638473610457921
money_market_funds,2014-06-30,-42484.43036426107,0.1236371303885659,0.06313657678538837
money_market_funds,2014-09-30,-44370.60625751155,0.1459924120214746,0.08046130527690623
money_market_funds,2014-12-31,-36764.8720979487,0.1377021821485624,0.05230254323267636
money_market_funds,2015-03-31,-29504.36215852483,0.1494664625553735,0.0012817754944487534
money_market_funds,2015-06-30,-35644.69210397119,0.1809922377043076,-0.0019380207238833464
money_market_funds,2015-09-30,-34251.686209820735,0.20903656033502416,-0.031139485891407144
money_market_funds,2015-12-31,-32605.929775197335,0.20726682067189137,-0.05968408145883817
money_market_funds,2016-03-31,-30861.33476616637,0.21362874969160606,-0.052665540128690916
money_market_funds,2016-06-30,-32726.645978485478,0.22475039778785702,-0.11285314746602436
money_market_funds,2016-09-30,-24998.872896353972,0.23599051541216548,-0.18758319533256912
money_market_funds,2016-12-31,-20577.745187517663,0.23702708910018613,-0.2290383171790514
money_market_funds,2017-03-31,-24906.80831273783,0.26272208252699647,-0.234386595803228
money_market_funds,2017-06-30,-31885.094704212675,0.29869459417218386,-0.23036210155756828
money_market_funds,2017-09-30,-31714.537496110162,0.2934417258699541,-0.22669646106625213
money_market_funds,2017-12-31,-26205.58352119918,0.3114936934844785,-0.30064029139872456
money_market_funds,2018-03-31,-27869.361809978862,0.32888923732402325,-0.286418295033381
money_market_funds,2018-06-30,-48513.41542771184,0.3722395494369569,-0.15299587195614606
money_market_funds,2018-09-30,-53515.91022113527,0.37975474729296577,-0.2776064976680922
money_market_funds,2018-12-31,-54443.59388612947,0.39795594702428283,-0.18269652168550182
money_market_funds,2019-03-31,-48462.51737783449,0.4017547950642181,-0.09700517401404371
money_market_funds,2019-06-30,-53426.54836026244,0.4365538634495939,0.36798175780364595
money_market_funds,2019-09-30,-48677.24234181978,0.4383060778139629,0.54074780170458
money_market_funds,2019-12-31,-57406.77184623011,0.4322488389811844,0.044238338075339036
money_market_funds,2020-03-31,-61334.66675946884,0.44148212770602624,0.1035240421802247
money_market_funds,2020-06-30,-53800.75380096387,0.40872936327015796,0.0871200681584923
money_market_funds,2020-09-30,-70407.32420819791,0.43147623201652296,0.030319312555845454
money_market_funds,2020-12-31,-79229.75638637939,0.44702599966610357,-0.017294586606615734
money_market_funds,2021-03-31,-78447.50985599388,0.43931947370666047,0.0017429103104985302
money_market_funds,2021-06-30,-105531.82801671527,0.4904686126135498,-0.10276978945220105
money_market_funds,2021-09-30,-151666.63789685193,0.6057674562300953,-0.3059670098817313
money_market_funds,2021-12-31,-163192.3941904823,0.5743160466551612,-0.24698791140753618
money_market_funds,2022-03-31,-182292.9611527572,0.5463983690555859,-0.1786396102758054
money_market_funds,2022-06-30,-198277.66075616973,0.5613578992045767,-0.1848476149953725
money_market_funds,2022-09-30,-211795.78308592347,0.5286824196509001,-0.09341994378045988
money_market_funds,2022-12-31,-231760.4404847594,0.5257081927731422,-0.053264011769269974
money_market_funds,2023-03-31,-228280.08562857666,0.516940744733218,-0.047689944433014025
money_market_funds,2023-06-30,-231953.35869614265,0.5259971500468171,-0.06069014474695882
money_market_funds,2023-09-30,-240451.42056070818,0.585372764470903,-0.17094567137714275
money_market_funds,2023-12-31,-240764.79547426692,0.6243419436024499,-0.2547214215933242
money_market_funds,2024-03-31,-256750.68701123484,0.6506994584432099,-0.2846376125109251
money_market_funds,2024-06-30,-261345.10589178163,0.6563352378891594,-0.2894402684472963
money_market_funds,2024-09-30,-263941.10104658804,0.6527161320728684,-0.2814123223842545
money_market_funds,2024-12-31,-270588.13800050487,0.6786196131028491,-0.33871315127872786
money_market_funds,2025-03-31,-322348.7071028809,0.7705264802333234,-0.5828220290640528
money_market_funds,2025-06-30,-300891.90749383805,0.7155854293615058,-0.6584480093754888
money_market_funds,2025-09-30,-298748.11189424497,0.7019414197755798,-0.6798908179987763
money_market_funds,2025-12-31,-292687.83377415774,0.7114374266485073,-0.6584467730762287
mutual_funds_etfs,2005-09-30,6037.498462564629,-0.05032897199234494,0.3309352704693596
mutual_funds_etfs,2005-12-31,6603.066781293786,-0.04677948486095496,0.2975205010642643
mutual_funds_etfs,2006-03-31,8355.573329144128,-0.058271788084959246,0.1775333480181202
mutual_funds_etfs,2006-06-30,938.3369010096459,-0.009938352957107325,0.3671767476388517
mutual_funds_etfs,2006-09-30,2396.330572434767,-0.01173544592304374,0.2636014080227814
mutual_funds_etfs,2006-12-31,2503.569733790389,-0.012189841956129871,0.26868056610191676
mutual_funds_etfs,2007-03-31,3535.7251800753443,-0.00534858316394214,0.1439802622187422
mutual_funds_etfs,2007-06-30,2664.0594210638455,0.002389959474901248,0.15006655438168076
mutual_funds_etfs,2007-09-30,2060.875719039018,0.0021629690648744195,0.2125043330359904
mutual_funds_etfs,2007-12-31,4611.669067513345,0.0004705837571550462,-0.06133918317105711
mutual_funds_etfs,2008-03-31,4326.327894166157,0.0004875030377292626,-0.01616124265571756
mutual_funds_etfs,2008-06-30,2248.711471126505,0.022791843122531557,0.05870276843991609
mutual_funds_etfs,2008-09-30,1557.3366067209754,0.03539582891677192,0.06036371685596093
mutual_funds_etfs,2008-12-31,2378.7993882796172,0.02491809463347559,0.06055662937470678
mutual_funds_etfs,2009-03-31,3245.005572707249,0.03571415027650366,0.07457358554459294
mutual_funds_etfs,2009-06-30,1441.1500898405661,0.03897360988394273,0.05710564431841866
mutual_funds_etfs,2009-09-30,1584.8704456749629,0.04114544648834393,0.07048866908579886
mutual_funds_etfs,2009-12-31,1716.3294311132174,0.03994128154092585,0.0720284819576379
mutual_funds_etfs,2010-03-31,1139.1753178938798,0.05294836678917497,0.05980294272787819
mutual_funds_etfs,2010-06-30,1280.1669021483954,0.06244028545859404,0.05036503627506101
mutual_funds_etfs,2010-09-30,877.0759412452901,0.061702605040830846,0.047936820310519504
mutual_funds_etfs,2010-12-31,-305.9726118494401,0.06301813143152694,-0.001202566305836697
mutual_funds_etfs,2011-03-31,-1101.1115608516654,0.06769327287817861,-0.04841161414865466
mutual_funds_etfs,2011-06-30,-232.01447961854993,0.06433209007350746,-0.03548770961481143
mutual_funds_etfs,2011-09-30,-735.4944355865365,0.06190039350459752,-0.03463942722455043
mutual_funds_etfs,2011-12-31,551.4478080717274,0.06706645787950036,-0.0421818567109079
mutual_funds_etfs,2012-03-31,1032.0955726765715,0.07173654965183604,-0.04859195150212504
mutual_funds_etfs,2012-06-30,-1282.9044223714557,0.07833576299482457,-0.04859007121886298
mutual_funds_etfs,2012-09-30,6133.025392477318,0.06559786817390945,-0.060582680158780156
mutual_funds_etfs,2012-12-31,1643.2168380237063,0.06662208221082451,-0.05045288713494153
mutual_funds_etfs,2013-03-31,5295.242637043064,0.06077686373660489,-0.06283498800203714
mutual_funds_etfs,2013-06-30,7955.230770677916,0.059387493499657766,-0.1035503889003937
mutual_funds_etfs,2013-09-30,-3828.64716696709,0.09322769591838766,-0.10149882398286578
mutual_funds_etfs,2013-12-31,-6153.5436980902905,0.10722890899862912,-0.12685355416256175
mutual_funds_etfs,2014-03-31,236.35832644953453,0.10353804185767432,-0.12632950082382294
mutual_funds_etfs,2014-06-30,11600.638253489624,0.07166337047859855,-0.1459336175118586
mutual_funds_etfs,2014-09-30,18340.92891248285,0.058269887154805015,-0.1627377195271002
mutual_funds_etfs,2014-12-31,20859.90535264397,0.05624495214479474,-0.17316128169994086
mutual_funds_etfs,2015-03-31,22534.4711466942,0.04929064790757234,-0.1741123797880074
mutual_funds_etfs,2015-06-30,20669.557246426815,0.04592348525253754,-0.16064361364262583
mutual_funds_etfs,2015-09-30,29275.32258639427,0.03150093656172274,-0.18770947900558346
mutual_funds_etfs,2015-12-31,30204.437522758628,0.02258010412278112,-0.18351788084982143
mutual_funds_etfs,2016-03-31,30655.15906885398,0.02046495394329702,-0.1942426710463416
mutual_funds_etfs,2016-06-30,39032.59140903958,0.008950871088242393,-0.3235892534268759
mutual_funds_etfs,2016-09-30,37603.85150984481,0.017110975691424526,-0.3127838858938346
mutual_funds_etfs,2016-12-31,32952.24620202674,0.0011613716823432837,-0.2532161098683045
mutual_funds_etfs,2017-03-31,32526.972445775176,-0.007010293612873101,-0.23593690408942827
mutual_funds_etfs,2017-06-30,36785.88845925775,-0.014535287292609158,-0.25947573738579566
mutual_funds_etfs,2017-09-30,36056.12451801648,-0.008057173431473113,-0.2577287018788577
mutual_funds_etfs,2017-12-31,39176.77200439301,0.01622724076955232,-0.31560904606138535
mutual_funds_etfs,2018-03-31,41943.05159874554,-0.01775610562624903,-0.3201186693363786
mutual_funds_etfs,2018-06-30,41927.78266682796,-0.026591325620904445,-0.19539980582272207
mutual_funds_etfs,2018-09-30,43911.330419500635,-0.041348589028242615,-0.008022683625684417
mutual_funds_etfs,2018-12-31,41245.663130853485,-0.009735629334799394,0.23921875981333762
mutual_funds_etfs,2019-03-31,41970.2275006327,-0.03191537548273503,-0.02474521160873216
mutual_funds_etfs,2019-06-30,46683.001478925056,-0.04142408995413504,0.07702798746386162
mutual_funds_etfs,2019-09-30,41463.95029040361,-0.014322210371537778,0.00955743382137327
mutual_funds_etfs,2019-12-31,41005.3004601678,-0.014701094472631121,-0.036126792323651936
mutual_funds_etfs,2020-03-31,39528.96477973704,-0.015349545091707831,-0.20081534678075902
mutual_funds_etfs,2020-06-30,25539.85708503255,0.049367862208145034,-0.16435200390526777
mutual_funds_etfs,2020-09-30,27544.65938540178,0.0460886524269579,-0.1483844753459485
mutual_funds_etfs,2020-12-31,30817.643520065652,0.049672238763190095,-0.15101060548752807
mutual_funds_etfs,2021-03-31,34542.48673285187,0.04372821890329393,-0.13869506718363225
mutual_funds_etfs,2021-06-30,40283.83106138952,0.030808454959421618,-0.10771115833684312
mutual_funds_etfs,2021-09-30,45788.85701566834,0.017146425548055014,-0.08367579850742546
mutual_funds_etfs,2021-12-31,51625.09024191365,0.025905899335091697,-0.10500839989901165
mutual_funds_etfs,2022-03-31,50437.15543885206,0.00535651986500218,-0.06872785795449401
mutual_funds_etfs,2022-06-30,39541.40433197316,0.015034018285404861,-0.07184636198814484
mutual_funds_etfs,2022-09-30,33166.26023979796,-0.0006095281083496804,-0.028183285092061888
mutual_funds_etfs,2022-12-31,30638.622812326903,-0.0019522388528040548,-0.020712098894491732
mutual_funds_etfs,2023-03-31,33319.188276929264,0.004922383753780702,-0.04006575547158393
mutual_funds_etfs,2023-06-30,33665.43369118345,-0.009649188448983654,-0.010102059546426682
mutual_funds_etfs,2023-09-30,34570.00393999117,-0.019357011140812848,0.008635668780322214
mutual_funds_etfs,2023-12-31,35107.84562591324,-0.01187240673769889,-0.008301929379275657
mutual_funds_etfs,2024-03-31,34010.34996517208,-0.01244994698823252,-0.005254870228586796
mutual_funds_etfs,2024-06-30,32650.84626120068,-0.011017354869058636,-0.006041114082738266
mutual_funds_etfs,2024-09-30,33195.243366745926,-0.004019133737242135,-0.020198540148198166
mutual_funds_etfs,2024-12-31,32125.68290283965,-0.0060390282095876355,-0.014555650454431086
mutual_funds_etfs,2025-03-31,59145.32541740221,-0.04742692061552742,0.07960559596367615
mutual_funds_etfs,2025-06-30,39852.097015125844,-0.0012090254242992549,0.1374643296445702
mutual_funds_etfs,2025-09-30,26448.21365377857,0.035022932264166,0.12545845545344683
mutual_funds_etfs,2025-12-31,26805.656266209702,0.03519533781036427,0.1219108142187062
nonfinancial_corporates,2005-09-30,8773.23302492446,0.012295322253816554,-0.6998759858410092
nonfinancial_corporates,2005-12-31,8810.889804876299,0.012531654897322813,-0.7021008145256434
nonfinancial_corporates,2006-03-31,9704.175603589627,0.006673810156541217,-0.7632605402771027
nonfinancial_corporates,2006-06-30,6309.139724586886,0.028797110122021734,-0.6764564924128261
nonfinancial_corporates,2006-09-30,4271.371058167526,0.03130882180390327,-0.5316941482271557
nonfinancial_corporates,2006-12-31,4273.010740263799,0.03130187410839118,-0.5316164881218242
nonfinancial_corporates,2007-03-31,2263.6394267460855,0.017983503106376645,-0.2888534292127545
nonfinancial_corporates,2007-06-30,1662.9839098128423,0.02331604976315445,-0.2846594306215031
nonfinancial_corporates,2007-09-30,1476.8883931903254,0.023246018199833844,-0.2653959945630832
nonfinancial_corporates,2007-12-31,-211.7318592774512,0.024366373993180673,-0.08411211762699661
nonfinancial_corporates,2008-03-31,-1377.0868749146568,0.02443547361959224,0.10039802143958304
nonfinancial_corporates,2008-06-30,63.84524883404146,0.008966285096242779,0.048476041374296196
nonfinancial_corporates,2008-09-30,766.2480811162666,-0.0038387440937200264,0.046788599536635875
nonfinancial_corporates,2008-12-31,673.7958780745163,-0.00013734530879744002,0.048614712822829836
nonfinancial_corporates,2009-03-31,455.236581988492,0.004230116844770204,0.049548184234666004
nonfinancial_corporates,2009-06-30,108.22211855104595,0.0026996765564640864,0.022344826193731272
nonfinancial_corporates,2009-09-30,100.45662218000095,0.001419208974256594,0.015392153590654115
nonfinancial_corporates,2009-12-31,-101.43936419800666,0.0018009733893996345,0.014504856343077346
nonfinancial_corporates,2010-03-31,-985.9089579402487,0.0018715117200142522,0.015074804648586028
nonfinancial_corporates,2010-06-30,-1697.43188797641,0.004716297946087958,0.01211293619622547
nonfinancial_corporates,2010-09-30,-1520.1835748713086,0.004697424103381712,0.012910798241882546
nonfinancial_corporates,2010-12-31,-2089.372309268238,0.0057277976855604745,0.010410606862932817
nonfinancial_corporates,2011-03-31,-2487.202166334072,0.007296640722024354,-0.003089981053201137
nonfinancial_corporates,2011-06-30,-1274.6250243627048,0.003201496244370331,0.006816286801464881
nonfinancial_corporates,2011-09-30,-1455.3778076953135,0.0021213738062340884,0.007150711163176267
nonfinancial_corporates,2011-12-31,-1634.5818825497718,0.0030152020399081005,0.006816399484343175
nonfinancial_corporates,2012-03-31,-1148.3347512302664,0.0016521049863898111,0.0068171689878522845
nonfinancial_corporates,2012-06-30,274.7412056118391,-0.0020686823710361897,0.006472271236296799
nonfinancial_corporates,2012-09-30,-760.6992057744899,0.00046579193609546727,0.0070856437642340545
nonfinancial_corporates,2012-12-31,-909.5927846518473,0.0010110104906021341,0.007114908501145381
nonfinancial_corporates,2013-03-31,1493.2453876585798,-0.0034427646488732703,-0.004912315555488814
nonfinancial_corporates,2013-06-30,5312.774311881956,-0.012495802099039612,-0.011492641926213474
nonfinancial_corporates,2013-09-30,4315.939222530275,-0.008925289621598973,-0.011711796259957089
nonfinancial_corporates,2013-12-31,4700.74981749648,-0.010847713386100131,-0.010061887551906448
nonfinancial_corporates,2014-03-31,5438.269682118161,-0.015918286361341752,-0.007435296444355337
nonfinancial_corporates,2014-06-30,4438.539663548824,-0.013225205666222473,-0.006585598504975564
nonfinancial_corporates,2014-09-30,4344.8786352130755,-0.012786243970147786,-0.006180572089467523
nonfinancial_corporates,2014-12-31,4325.508262189884,-0.012753938606212347,-0.006125899627235733
nonfinancial_corporates,2015-03-31,2295.026843134874,-0.00871293348541365,-5.948055338045327e-05
nonfinancial_corporates,2015-06-30,1370.162526902084,-0.007593037649914949,0.003505961047981918
nonfinancial_corporates,2015-09-30,1372.5963358833924,-0.009155639282529503,0.004771660345921181
nonfinancial_corporates,2015-12-31,865.013233285074,-0.00316588845911178,-0.000379574717170705
nonfinancial_corporates,2016-03-31,467.04095013267886,-0.0007275846308275497,0.010993718210946038
nonfinancial_corporates,2016-06-30,-983.094914168605,0.004148800820854042,0.00340234054291923
nonfinancial_corporates,2016-09-30,-1018.6887352234498,0.007550977651555711,0.002730756330374785
nonfinancial_corporates,2016-12-31,-970.3174168383534,0.007483255277912029,0.0023620750171740182
nonfinancial_corporates,2017-03-31,-895.7512409761518,0.009531025833206292,-0.0016913121750647192
nonfinancial_corporates,2017-06-30,-139.63493927838832,0.0077339492112725415,-0.005196608584719762
nonfinancial_corporates,2017-09-30,-178.9251024905932,0.0075023123101901085,-0.0044701097021849516
nonfinancial_corporates,2017-12-31,2316.621397577508,0.007488860802541054,-0.02864820158823415
nonfinancial_corporates,2018-03-31,2216.2031739552376,0.00276222958388499,-0.005946170133756579
nonfinancial_corporates,2018-06-30,985.4218459135107,0.005660218805041356,-0.002397256931099501
nonfinancial_corporates,2018-09-30,603.0604927732156,0.003776909426220431,0.016869532269637524
nonfinancial_corporates,2018-12-31,510.42373902408946,0.005286079226044138,0.025967274028148545
nonfinancial_corporates,2019-03-31,1265.9123927131568,0.004529617734664161,0.02180999281669708
nonfinancial_corporates,2019-06-30,1022.5855395777368,0.005984377285055172,0.03880728010558847
nonfinancial_corporates,2019-09-30,1549.467017743035,0.0038392920067940647,0.04811016981911312
nonfinancial_corporates,2019-12-31,1299.8057369273272,0.0036557729686103537,0.030586329752264687
nonfinancial_corporates,2020-03-31,2080.420309468914,0.0022377875264554654,0.03773350513444216
nonfinancial_corporates,2020-06-30,4617.75837788793,-0.007791901902274225,0.033749429318967135
nonfinancial_corporates,2020-09-30,3313.642098363205,-0.005948254170359815,0.028309127728980546
nonfinancial_corporates,2020-12-31,2014.5707646855362,-0.0071697641841451335,0.028915725425889296
nonfinancial_corporates,2021-03-31,70.6757407264876,-0.004270614740439672,0.023005361825311647
nonfinancial_corporates,2021-06-30,268.0007397828852,-0.004105075288298753,0.02147912960715822
nonfinancial_corporates,2021-09-30,1005.7855460515417,-0.007430720696911094,0.027987797159292862
nonfinancial_corporates,2021-12-31,965.7549869924497,-0.006579626623750596,0.027049271949557103
nonfinancial_corporates,2022-03-31,1153.500206900576,-0.0070096018127223025,0.0275766905787054
nonfinancial_corporates,2022-06-30,1433.608732293133,-0.007186894845347748,0.027503658579200653
nonfinancial_corporates,2022-09-30,1561.2922032723498,-0.0064932363996801825,0.025741235607963167
nonfinancial_corporates,2022-12-31,258.0400438115506,-0.0038120559982746374,0.02125804489108512
nonfinancial_corporates,2023-03-31,557.8642921612251,-0.003167992997478166,0.01930999974905081
nonfinancial_corporates,2023-06-30,957.0936775903591,0.0008804436648125745,0.010179621647112086
nonfinancial_corporates,2023-09-30,1418.7656094567155,0.002127465673280784,0.0069251138823742545
nonfinancial_corporates,2023-12-31,1466.1859592951519,0.0025118893936968644,0.006027121400639008
nonfinancial_corporates,2024-03-31,801.444240552619,0.0028030381750184176,0.006503040659536051
nonfinancial_corporates,2024-06-30,126.13086923323311,0.002813459650560918,0.00800641431733636
nonfinancial_corporates,2024-09-30,685.0776550815574,0.004920451869561825,0.003623376234163343
nonfinancial_corporates,2024-12-31,250.40615181613873,0.005376243563639679,0.0028501645866364058
nonfinancial_corporates,2025-03-31,-3289.9283551699314,0.011376187321571123,-0.012400761126657276
nonfinancial_corporates,2025-06-30,892.1804841079754,0.0012947213087049231,-0.02514330696818586
nonfinancial_corporates,2025-09-30,1136.1288016563328,0.0026339069228218668,-0.018975946786490637
nonfinancial_corporates,2025-12-31,1735.4340190993314,0.004335086913851439,-0.007394908138735425
other_financial,2005-09-30,6749.5197660961685,-0.03223710805312466,-0.301605925768045
other_financial,2005-12-31,7484.101701386025,-0.027626897332478476,-0.345006316426444
other_financial,2006-03-31,4655.41408385901,-0.009077388421095766,-0.15133732585960824
other_financial,2006-06-30,5324.159102643447,-0.01343517643225947,-0.16843575329555424
other_financial,2006-09-30,6344.58101137724,-0.014692927457118485,-0.24092615419384755
other_financial,2006-12-31,6723.764803417616,-0.016299613006834177,-0.2229669087421578
other_financial,2007-03-31,7162.396707650837,-0.01339230443992169,-0.27596041078452155
other_financial,2007-06-30,7776.439433672656,-0.018843701111485603,-0.2802478838124099
other_financial,2007-09-30,7687.466934827294,-0.01887718328934658,-0.2710380109816629
other_financial,2007-12-31,7654.3796877542645,-0.018855230758047757,-0.2674858894091694
other_financial,2008-03-31,5974.857142134815,-0.01875564361173194,-0.0015678349970084928
other_financial,2008-06-30,6089.871540210103,-0.019990385607834775,-0.005712218473275199
other_financial,2008-09-30,5355.077784319048,-0.006594859479023836,-0.0039469611753890615
other_financial,2008-12-31,5935.354111070806,-0.0007247364120040548,0.005912457845009743
other_financial,2009-03-31,6415.186817978491,-0.008632606271806944,0.004922471287270877
other_financial,2009-06-30,6984.942132676223,-0.00875752240460248,0.020436810843557092
other_financial,2009-09-30,7285.553323560524,-0.011587028290478465,0.008944401819452755
other_financial,2009-12-31,7160.772023691251,-0.013923368272559963,0.010985752932952994
other_financial,2010-03-31,6113.101805596897,0.005512605618253792,-0.007148652533998731
other_financial,2010-06-30,6150.124382521366,0.004377042785094437,-0.006010023537450762
other_financial,2010-09-30,6202.699218360934,0.004510519073618855,-0.005664016542844317
other_financial,2010-12-31,5114.02632369106,0.005782509244519646,-0.04761688075013285
other_financial,2011-03-31,5210.97866558327,0.0051738526343021295,-0.04135336840749731
other_financial,2011-06-30,4559.74395646006,0.007331156221669456,-0.04609874238596615
other_financial,2011-09-30,4265.443558848352,0.010489395836191023,-0.046263664899117915
other_financial,2011-12-31,3804.5063638329725,0.012200729825624349,-0.04661913386748877
other_financial,2012-03-31,3655.5479958835176,0.011645573454051317,-0.04558305065513897
other_financial,2012-06-30,-5914.253843925287,0.030710063767822083,-0.0371674513837848
other_financial,2012-09-30,-8409.175925000383,0.03609684266842303,-0.03467875803662434
other_financial,2012-12-31,-13333.898970361475,0.04625600643759836,-0.028987633890780577
other_financial,2013-03-31,-13085.604804837632,0.046240618877852815,-0.02739103553643975
other_financial,2013-06-30,-14696.12408958623,0.04635510003420998,0.00260276210456891
other_financial,2013-09-30,-10557.619665187327,0.03694323540281801,0.0005103943985198109
other_financial,2013-12-31,-8733.854769539841,0.030539882323894645,-0.009127254979687296
other_financial,2014-03-31,-9357.205521301226,0.0380417615532002,-0.013124202129934015
other_financial,2014-06-30,-3603.594781133609,0.021692842996379254,-0.02471398938243565
other_financial,2014-09-30,-2083.441843916438,0.021093097676109354,-0.02686161785021513
other_financial,2014-12-31,-468.16024894334447,0.019693652498040407,-0.03339192848691736
other_financial,2015-03-31,4113.405104527755,-0.009681324822139566,-0.024416321130149018
other_financial,2015-06-30,2316.956236847275,-0.00586731835214833,-0.019320084794113863
other_financial,2015-09-30,4853.861607753193,-0.015607637549660422,-0.02281447641076549
other_financial,2015-12-31,3835.8218818719506,-0.012616537503022572,-0.010018362401968833
other_financial,2016-03-31,3812.83899468055,-0.011990751230391221,-0.007743838092673032
other_financial,2016-06-30,1679.1178431816088,-0.010560270228144266,0.04082025278938553
other_financial,2016-09-30,2529.9997834115043,-0.01743561238014807,0.03497792898466205
other_financial,2016-12-31,2315.427142188284,-0.02066689448894782,0.04040475694778073
other_financial,2017-03-31,-2839.1658864703945,-0.009945803140830906,0.06711902989671632
other_financial,2017-06-30,575.9558174461811,-0.00710846474310583,0.03528180995252511
other_financial,2017-09-30,276.8258242693513,-0.009545260332237822,0.041546511447273844
other_financial,2017-12-31,2213.2189450478477,-0.008024745926976206,0.021044108429280547
other_financial,2018-03-31,1807.1399733498804,0.0015445948630858574,0.0043844018875373435
other_financial,2018-06-30,3491.9040208116917,0.0009537603251079323,-0.04792101825317672
other_financial,2018-09-30,3215.741865054855,0.0038673921868691966,-0.08407206886271718
other_financial,2018-12-31,2267.163261339413,0.006491779587187196,-0.00671391886383191
other_financial,2019-03-31,2699.165629360578,0.00359965946909353,-0.03889543831301739
other_financial,2019-06-30,3296.3558626296076,-0.0012857046927489623,-0.11097116243604181
other_financial,2019-09-30,-144.29241296753364,0.013563549290748414,-0.16817359847252983
other_financial,2019-12-31,3570.364805183901,0.016089298298090145,0.02637161402196625
other_financial,2020-03-31,3125.204731849086,0.016773971858222145,0.01666880766283097
other_financial,2020-06-30,3446.4636726691156,0.016844895477084464,0.018227800529231536
other_financial,2020-09-30,2340.601499706751,0.018252988243209256,0.01626803992097049
other_financial,2020-12-31,1056.0003293617249,0.022323863400643733,0.005415393885615946
other_financial,2021-03-31,84.55290546973245,0.02479729899418153,-0.00014825998183157517
other_financial,2021-06-30,-1714.9056471618967,0.02849797684844374,-0.008377281367644089
other_financial,2021-09-30,-1802.0989981744115,0.029280600992705227,-0.010003383002398109
other_financial,2021-12-31,-1665.965768618698,0.027893008948216235,-0.008605647678552061
other_financial,2022-03-31,568.8836786417837,0.024475950847464196,-0.005223797359699236
other_financial,2022-06-30,-468.43850623476834,0.02537246569193678,-0.0054674985206833475
other_financial,2022-09-30,160.33445227214642,0.024733767612459358,-0.004680924069589737
other_financial,2022-12-31,-1766.3485849470412,0.02399852263592597,0.00030178742495150153
other_financial,2023-03-31,-2485.7524822061764,0.022727232728848093,0.004500353592830258
other_financial,2023-06-30,-4462.035409547929,0.023261590091723676,0.006594201682461227
other_financial,2023-09-30,-5045.347930840994,0.020066660919719377,0.014053113606583895
other_financial,2023-12-31,-4276.781524783206,0.022215527445321445,0.0083201774801895
other_financial,2024-03-31,-6073.3040489192035,0.020565203181549894,0.014814352470825437
other_financial,2024-06-30,-7566.396710929767,0.022943218559033345,0.0117774903327115
other_financial,2024-09-30,-7782.652192646327,0.02461591408401832,0.00849935148657952
other_financial,2024-12-31,-8758.274109962842,0.028495390334771775,-9.710745270367285e-05
other_financial,2025-03-31,-9635.221650603093,0.031007801970311732,-0.009056252466561074
other_financial,2025-06-30,-1729.6819706112854,0.014689477429640082,-0.02441780317709267
other_financial,2025-09-30,273.01201998203845,0.006026049202164183,-0.03229752006571493
other_financial,2025-12-31,567.2593758217424,0.007100444100940061,-0.023642808207493867
pensions,2005-09-30,2864.6386378518396,0.02869236453201001,-0.35869592723257543
pensions,2005-12-31,3056.2396522124113,0.029894845845606744,-0.37001605161123047
pensions,2006-03-31,2890.5764591857674,0.030981205066149584,-0.35867375168077803
pensions,2006-06-30,2679.5227906028886,0.03235650823974833,-0.3532775457487863
pensions,2006-09-30,4796.975389625194,0.029746579783963417,-0.5037006074965751
pensions,2006-12-31,5021.315908124577,0.028795999414087486,-0.4930751891082784
pensions,2007-03-31,2317.6011496262554,0.010875430928284179,-0.16642472845171272
pensions,2007-06-30,5297.126507842582,-0.015576432976775027,-0.18722887459317902
pensions,2007-09-30,4832.059442140489,-0.015751447261112203,-0.13908806042621788
pensions,2007-12-31,2415.125499377469,-0.014147874201418107,0.1203848167953958
pensions,2008-03-31,3191.925093717396,-0.014193934467212902,-0.00260551598328317
pensions,2008-06-30,1860.06386589809,0.00010431878185529435,0.04538624641885961
pensions,2008-09-30,1982.6854956203988,-0.0021311129045649135,0.04509166208820818
pensions,2008-12-31,1561.0450906435385,0.007473382724275201,0.04808910113013991
pensions,2009-03-31,1818.7724400627108,0.005350653322020353,0.04889671154666754
pensions,2009-06-30,2180.4120165505415,0.001939322357372009,0.021920557363873744
pensions,2009-09-30,1976.0424015076562,0.0027294744686570606,0.023662824964494608
pensions,2009-12-31,1568.6634468941227,0.0035965258728521635,0.02177506991981164
pensions,2010-03-31,579.3418185101613,0.00971281143024561,0.0165445683038909
pensions,2010-06-30,61.68829924140796,0.013933134917329672,0.012245654026260232
pensions,2010-09-30,1418.411913563752,0.011782892240974235,0.016775737987180833
pensions,2010-12-31,1162.068364992226,0.012213034637697219,0.013846282543243672
pensions,2011-03-31,1262.3285297065188,0.011909555272034675,0.016041360218137093
pensions,2011-06-30,2953.788771019947,0.006235168451982587,0.029339754801998665
pensions,2011-09-30,2074.4368456527927,0.008132417534533462,0.029934790960130672
pensions,2011-12-31,1643.8554092734757,0.008366431697104118,0.03077396323053305
pensions,2012-03-31,3372.174562137635,0.013418541040609923,0.02023261653816349
pensions,2012-06-30,1974.8798204183379,0.01967947102678355,0.017902670337906115
pensions,2012-09-30,1597.6582858933891,0.020271200878989273,0.018591575520648034
pensions,2012-12-31,4465.982878165949,0.014151867064306272,0.015398215623369557
pensions,2013-03-31,5061.006202915371,0.012971850169960709,0.011927657494024673
pensions,2013-06-30,5922.5698478712075,0.0133815074898353,-0.00757943335124635
pensions,2013-09-30,1211.0835365878534,0.02867230324373409,-0.007735922032419998
pensions,2013-12-31,1474.8339058391716,0.02840748010363164,-0.013392679065800071
pensions,2014-03-31,465.51043653368714,0.03562435632394982,-0.017140644028652643
pensions,2014-06-30,6592.2031509030585,0.01949243987881996,-0.01941339586002601
pensions,2014-09-30,5507.257217365898,0.022207830187258054,-0.01632898465306082
pensions,2014-12-31,6203.726402481133,0.021668635165628114,-0.019242471491992447
pensions,2015-03-31,-513.4968553881431,0.03678200273255322,-0.0011258722690357
pensions,2015-06-30,-1124.2803696691108,0.037055383958824364,0.0017491596227564713
pensions,2015-09-30,-3645.996971937272,0.04425263572627632,0.007252736324332367
pensions,2015-12-31,-2721.8137054805393,0.03248924614684884,0.018830062147218114
pensions,2016-03-31,-2675.912262810556,0.03311345708094774,0.02053854262166625
pensions,2016-06-30,2666.5683194345524,0.024934108903745422,-0.053250016711860804
pensions,2016-09-30,3344.7430601102365,0.027057060030864877,-0.060142434574082915
pensions,2016-12-31,3338.958203692404,0.029259432814877785,-0.0624539593492597
pensions,2017-03-31,8184.702380274611,0.00041643542191651295,-0.05633208248950712
pensions,2017-06-30,10379.662381147422,-0.009282639711423773,-0.05995873932206214
pensions,2017-09-30,11069.72701153682,-0.00651410153530166,-0.07130218281212469
pensions,2017-12-31,12829.247320169045,-0.008074591500749968,-0.08658480772176629
pensions,2018-03-31,13498.139707273887,-0.011228081156565262,-0.10682352325613376
pensions,2018-06-30,13482.276623463977,-0.014009535823240448,-0.06716248227210608
pensions,2018-09-30,13381.214664310697,-0.019008959435785577,-0.009335083837336904
pensions,2018-12-31,15219.284165552079,-0.007355352979204665,-0.13861678696211197
pensions,2019-03-31,13994.90755803255,-0.007470686069660433,-0.14813267219438941
pensions,2019-06-30,12729.86978576923,-0.01043183459346179,-0.30274525359670196
pensions,2019-09-30,12783.66369964315,-0.025486978669714305,-0.36434659170422734
pensions,2019-12-31,17171.16791481234,-0.022475135956629578,-0.12532026132823335
pensions,2020-03-31,22716.545714854557,-0.03048803300207431,0.018976289374897946
pensions,2020-06-30,25125.084034275944,-0.034812466890935756,0.02319099784912295
pensions,2020-09-30,28740.39884893818,-0.0394387284857362,0.029988991157857955
pensions,2020-12-31,29625.5548487326,-0.03788878258106668,0.028018729787038284
pensions,2021-03-31,27324.66999344229,-0.03148063042909706,0.013440661684219826
pensions,2021-06-30,31245.8510359162,-0.03886262720539755,0.028473009471751427
pensions,2021-09-30,28571.856373852726,-0.03042225474332075,0.012829832074261778
pensions,2021-12-31,30142.11864855971,-0.024854529019163,0.0032672478408444458
pensions,2022-03-31,28171.7347505212,-0.03643175876272455,0.025125286509373245
pensions,2022-06-30,22348.35187944846,-0.0312279922566572,0.02339107121269153
pensions,2022-09-30,19405.657660565772,-0.039802305958105466,0.04670507271369625
pensions,2022-12-31,17078.282989639818,-0.040612178241681986,0.052530616298928155
pensions,2023-03-31,19531.406016892484,-0.03943854322182016,0.0436995630895637
pensions,2023-06-30,19858.58610302619,-0.03535525671820527,0.03461332356630808
pensions,2023-09-30,20329.32481398699,-0.029223974892744684,0.021250573100527345
pensions,2023-12-31,17956.84640417663,-0.02155521235247343,0.008038041098596377
pensions,2024-03-31,18933.206453379953,-0.020413171580839586,0.00398481236227247
pensions,2024-06-30,17790.28978957386,-0.018221525410967356,0.0006571787843876173
pensions,2024-09-30,20244.051522123573,-0.011087471029895987,-0.014354640512465626
pensions,2024-12-31,19899.037473287764,-0.014732980088731692,-0.0053431578833765215
pensions,2025-03-31,18360.8298155034,-0.010617384870363249,-0.01958714951260196
pensions,2025-06-30,12913.888028931062,0.003329093296264926,-0.000391091557331933
pensions,2025-09-30,6862.356939826595,0.020419091155470956,-0.0036322330211346014
pensions,2025-12-31,6599.259044993871,0.019587349203630942,-0.009770458323160322
state_local_governments,2005-09-30,34416.70929565442,-0.10401265097939955,-1.5557322472174786
state_local_governments,2005-12-31,33712.10256449878,-0.10843473835966055,-1.5141028442556068
state_local_governments,2006-03-31,37811.418601754114,-0.1353165682557877,-1.7947667090211896
state_local_governments,2006-06-30,29439.08034920157,-0.08075933906146913,-1.580703330514581
state_local_governments,2006-09-30,29884.09892127996,-0.08130785978639879,-1.6123172878601044
state_local_governments,2006-12-31,30289.44213723931,-0.08302538859809404,-1.5931190561307895
state_local_governments,2007-03-31,32283.69152047696,-0.06980724769112541,-1.8340551525333788
state_local_governments,2007-06-30,23600.17360132628,0.007283968727325445,-1.7734236243223898
state_local_governments,2007-09-30,22467.831116800502,0.0068578450041700935,-1.656210660556364
state_local_governments,2007-12-31,13326.64715574644,0.01292278375748007,-0.6748477603873841
state_local_governments,2008-03-31,8813.788195862026,0.013190373345195202,0.0396711828557059
state_local_governments,2008-06-30,7420.75151459194,0.028145378294662467,0.08986731742931016
state_local_governments,2008-09-30,9652.531481402222,-0.012540687175382976,0.08450572331925878
state_local_governments,2008-12-31,9953.205988770074,-0.026754558094464864,0.07697251143787279
state_local_governments,2009-03-31,9775.925151908526,-0.036160027686532696,0.06956773518920731
state_local_governments,2009-06-30,12563.68072424275,-0.03529156161666172,0.1618301555714078
state_local_governments,2009-09-30,11500.123211181302,-0.03092822302759945,0.1722431027790708
state_local_governments,2009-12-31,13904.151008933322,-0.03583870498607092,0.18317556988750083
state_local_governments,2010-03-31,14107.223100975218,-0.029478092665379693,0.176846794266696
state_local_governments,2010-06-30,13230.078658572935,-0.030199205751053705,0.17741061641800607
state_local_governments,2010-09-30,11353.337063618445,-0.021528970224869368,0.1756225541050502
state_local_governments,2010-12-31,10774.37363520299,-0.021248000068171388,0.13227447367209563
state_local_governments,2011-03-31,9830.816441210658,-0.013522914176800935,0.047648946566784194
state_local_governments,2011-06-30,6913.247739795855,-0.003309760736501106,0.018894434494023095
state_local_governments,2011-09-30,4598.107572534283,-5.65556094198006e-05,0.020712353225586008
state_local_governments,2011-12-31,3798.8051911430425,0.004668774659802643,0.018587299485441015
state_local_governments,2012-03-31,1125.775636544535,0.006747584022618157,0.02435151183281269
state_local_governments,2012-06-30,7551.441189995272,-0.010733949156687706,0.02349105342231362
state_local_governments,2012-09-30,4221.295142725748,-0.0008488328760253691,0.023030120403172136
state_local_governments,2012-12-31,1949.0761589282763,0.0032314183812356487,0.0260200989818003
state_local_governments,2013-03-31,2242.8779042278247,0.0026570977728524996,0.024359632706584963
state_local_governments,2013-06-30,7072.801131344685,-0.007252262945968727,0.004728940417551027
state_local_governments,2013-09-30,8613.798839233315,-0.007795980225570048,0.002307240313534292
state_local_governments,2013-12-31,2358.9608674112433,0.01751252020864797,0.013779888822876188
state_local_governments,2014-03-31,-414.68972196866133,0.034596888999383305,0.004998527806666185
state_local_governments,2014-06-30,93.68749226034146,0.031010777078527306,-0.012909148178930916
state_local_governments,2014-09-30,-1799.2771760566172,0.028887075870115075,-0.012182058340228369
state_local_governments,2014-12-31,972.1180580588007,0.025832733322382652,-0.022391556218875886
state_local_governments,2015-03-31,5038.524479969208,0.016029423906998564,-0.03262695202283256
state_local_governments,2015-06-30,-509.07568841431157,0.037892482617532766,-0.02814684249555487
state_local_governments,2015-09-30,-3957.653157227416,0.03932008909716202,-0.0137451374605878
state_local_governments,2015-12-31,-3231.632333835688,0.03422074641747778,-0.015267158591166249
state_local_governments,2016-03-31,-5730.810802170204,0.03773491304045733,0.016800834728109486
state_local_governments,2016-06-30,-6006.953611575427,0.035019762321929944,0.05324386280926534
state_local_governments,2016-09-30,-5816.779049147183,0.04097521442777604,0.04973469656262958
state_local_governments,2016-12-31,-6616.474635577865,0.036244998345192875,0.0621098595165524
state_local_governments,2017-03-31,-3382.6142995116948,0.03351545052439367,0.038697176906660864
state_local_governments,2017-06-30,-2180.347311188066,0.030550572074941825,0.03328052074041409
state_local_governments,2017-09-30,-4164.253789993783,0.026850402594710988,0.06125141385476671
state_local_governments,2017-12-31,-1772.076572006453,0.029682237252915286,0.03483854825015087
state_local_governments,2018-03-31,-1068.6262515475257,0.00917344789752345,0.07856610291573693
state_local_governments,2018-06-30,2097.4445154958144,0.0012699049267565505,0.07574333775127358
state_local_governments,2018-09-30,2688.37988408966,0.006464875469516187,0.01920663291964372
state_local_governments,2018-12-31,3811.5387397348995,-0.008152687904557953,-0.08656493270953002
state_local_governments,2019-03-31,3990.0859047428257,-0.013718554929661746,-0.1528267548393608
state_local_governments,2019-06-30,4130.010616870345,-0.013972045966851523,-0.14913949830438614
state_local_governments,2019-09-30,6189.417519288534,-0.01551135990748986,-0.08391759553107224
state_local_governments,2019-12-31,6420.752893673933,-0.015215568324260716,-0.027040054324790036
state_local_governments,2020-03-31,5440.824537957366,-0.012676580491779346,-0.0015604209396003872
state_local_governments,2020-06-30,-5729.794815753569,0.04106806457231074,0.030736346079787463
state_local_governments,2020-09-30,-2387.861327086885,0.03662273677829026,0.03990640525640687
state_local_governments,2020-12-31,-1898.785567132812,0.03771923698659333,0.03829685394423625
state_local_governments,2021-03-31,-2947.92405729282,0.04175163969655008,0.02882096286171862
state_local_governments,2021-06-30,16931.646311668475,0.003217104761599623,0.10974730828636653
state_local_governments,2021-09-30,16779.75766307584,0.004621799730112932,0.10682365891853271
state_local_governments,2021-12-31,18292.22051279055,0.006912174150599442,0.1012710728558678
state_local_governments,2022-03-31,17494.922706807538,-0.0020373712400491226,0.11737686481377421
state_local_governments,2022-06-30,20964.188673206347,-0.005253712741999499,0.11865903467757104
state_local_governments,2022-09-30,20975.678870831467,-0.007041564289997368,0.12281995032561
state_local_governments,2022-12-31,21722.393966595686,-0.004689683762365849,0.11578178145455345
state_local_governments,2023-03-31,25477.991056000323,0.006714906732356169,0.0855899377804328
state_local_governments,2023-06-30,25874.967058841048,0.004889956258507038,0.08876765641218809
state_local_governments,2023-09-30,26166.268546378335,-0.004362857565440612,0.10746442384881456
state_local_governments,2023-12-31,28688.17675375213,0.0021354653864955747,0.08984752708615759
state_local_governments,2024-03-31,29526.458914093517,0.0013613669962098025,0.09011694665984817
state_local_governments,2024-06-30,31424.264323401378,1.2401809805791015e-05,0.08945651732757261
state_local_governments,2024-09-30,33623.056493594195,0.00519885993238898,0.07841627435789182
state_local_governments,2024-12-31,35856.24102682261,-0.0027054305480346042,0.09574970593674732
state_local_governments,2025-03-31,53489.046641213325,-0.03043844143712658,0.16085211753824777
state_local_governments,2025-06-30,49686.16765253017,-0.030676090608157403,0.14247567431159117
state_local_governments,2025-09-30,44019.96212452851,-0.010232290181367672,0.15266254333226445
state_local_governments,2025-12-31,43078.91924375736,-0.010332529241256931,0.1663925171380573
